ccode,countrycode,country,year,spell,duration,regime_change,regime_change_year,prevrc,democratization,aa_transition,party,military,personal,monarchy,currency_duration,banking,default,twin,ers_onset,d_ers,mi_onset,d_mi,kaopen_onset,d_kaopen,ers_mi_onset,d_ers_mi,mi_kaopen_onset,d_mi_kaopen,ers_kaopen_onset,d_ers_kaopen,gdppc_onset,d_gdppc_max,d_gdppc_total,d_gdppc_avg,ln_gdppc_onset,d_ln_gdppc_max,d_ln_gdppc_total,d_ln_gdppc_avg,gdppcgr_onset,gdppcgr_max,gdppcgr_total,gdppcgr_avg,oil_gas_value_pc,oil_gas_value_pc_avg,oilgas,oilgas_avg,oilrents,oilrents_avg,resources,resources_avg,vdem_index,polity2,polity2_avg,fedrate,d_fedrate,europe,latam,mideast,africa,eastasia,southasia,cgv_civilian,gwf_civilian,civil_war,1960s,1970s,1980s,1990s,2000s,cold_war,low_income,lower_middle_income,upper_middle_income,high_income
615,DZA,Algeria,1988-1991,30,26,1,1992,0,0,1,1,1,0,0,4,1,1,1,0.390913546085358,-0.306952372193336,0.5,0.00147747993469238,0,0.164809226989746,0.420372358775582,-0.11752794404477,0.695411102358895,-0.0580252129488723,0.79784648273377,-0.119215628391171,9717,-1280,-2025,-506.25,9.18163220783944,-0.141250133673811,-0.233696101130768,-0.058424025282692,-3.31528529779259,-4.66098044283622,-11.4235236709882,-2.85588091774704,1105.7078601999,848.724059467475,11.3791073397129,10.3155808805137,8.98772143638755,12.782358039113,9.79196633199536,13.9291312950066,0.22,-9,-7.05,6.6575,-0.99,0,0,1,0,0,0,0,1,0,0,0,1,1,0,1,0,0,1,0
615,DZA,Algeria,1994-1995,18,2,0,,1,0,0,0,1,0,0,2,1,1,1,0.431924492120743,-0.335143081843853,0.646335303783417,0.0801011919975281,0.164809226989746,0,0.333953379955747,-0.183021630357904,0.73787026735077,0.0550032578747842,0.697162953378954,0.17390991565494,7171,-205,-92,-46,8.87780039388258,-0.0290039429566278,-0.0129124601083852,-0.0064562300541926,-4.48768087602659,-3.05046575903368,-1.27662983885629,-0.638314919428147,543.7056350367,537.60859368985,7.58200578771022,7.64714209825858,12.1973153233617,13.6203536233987,13.6757702629286,15.1384311558685,0.171,-7,-5.78947368421053,3.0225,-2,0,0,1,0,0,0,0,0,1,0,0,0,1,0,0,0,0,1,0
540,AGO,Angola,1991-2005,35,16,0,,0,0,0,1,0,0,0,15,0,1,1,1,-0.985930096358061,,,,,,,,,,,2400,-645,964,64.2666666666667,7.78322401633604,-0.312999880436071,0.337662004756801,0.0225108003171201,1.71683913452493,-26.2968669748331,24.7656335182071,1.65104223454714,707.892166271,759.420344443747,29.4955069279583,35.5072944529354,27.8912256986462,33.3515500327794,28.9066226046574,35.099700171639,0.076,-7,-4.70454545454545,8.09916666666667,4.04,0,0,0,1,0,0,1,1,0,0,0,0,1,1,1,0,1,0,0
540,AGO,Angola,2009-2010,35,34,0,,0,0,0,1,0,0,0,2,0,0,0,0.943633794784546,-0.658376544713974,0.710777699947357,-0.210164248943329,0,0,0.483252282940755,-0.212302837410045,0.840146279143977,-0.144313937064091,0.511033067689628,0.341639781822335,6318,-1106,90,45,8.75115798136203,-0.192439043117295,0.014144507386165,0.00707225369308251,10.6371113899345,-0.453629032258065,0.0527000816659861,0.0263500408329931,4484.3300897108,2965.4095015591,70.977051119196,50.9970605445794,56.1386991618025,34.8643277916118,56.6085597074164,35.3747405185886,0.195,-2,2.02222222222222,0.1675,1.76,0,0,0,1,0,0,1,1,0,0,0,0,0,1,0,0,0,1,0
160,ARG,Argentina,1962,8,4,0,,0,0,0,0,1,0,0,1,0,1,1,0.820268988609314,-0.725334026,,,,,,,,,,,9455,-258,-258,-258,9.15429898109256,-0.02766635818986,-0.02766635818986,-0.02766635818986,5.44802867383513,-3.15625910459357,-3.15625910459357,-3.15625910459357,75.049626289,88.0353601478,0.793755962866208,0.957218224940742,,,,,0.475,-1,0.333333333333333,1.955,-0.75,0,1,0,0,0,0,0,0,0,1,0,0,0,0,1,0,0,1,0
160,ARG,Argentina,1964-1965,8,6,1,1966,0,0,1,0,1,0,0,2,0,1,1,0.188114359974861,0.137932077,,,,,,,,,,,8877,773,1581,790.5,9.09121894106832,0.0767889389069794,0.163903573679756,0.0819517868398778,-3.90092258323305,7.50312229801134,16.1225525390632,8.0612762695316,88.3301481591,88.24945540945,0.995045039530247,0.877115914829369,,,,,0.295,-1,0.590909090909091,3.17833333333333,-0.61,0,1,0,0,0,0,1,0,0,1,0,0,0,0,1,0,0,1,0
160,ARG,Argentina,1967,7,1,0,,1,0,0,0,1,0,0,1,0,0,0,0.201907992362976,0.798092008,,,,,,,,,,,10422,176,176,176,9.25167423546916,0.0167463475835472,0.0167463475835472,0.0167463475835472,-0.786416443252904,1.24301927580616,1.24301927580616,1.24301927580616,91.386825323,94.4270560102,0.876864568441758,0.89098939432157,,,,,0.299,-9,0.130434782608696,5.11166666666667,0.89,0,1,0,0,0,0,0,0,0,1,0,0,0,0,1,0,0,1,0
160,ARG,Argentina,1969-1971,7,3,0,,1,0,0,0,1,0,0,3,0,0,0,1,-0.739193677902222,,,0.594610869884491,-0.412804604,,,,,0.19530997330831,0.58245942726094,10943,440,1756,585.333333333333,9.30045526141844,0.0352628890940387,0.14882326777059,0.04960775592353,2.79359430604982,3.12646187431779,13.8728875213154,4.62429584043847,97.7014911841,108.4363021886,0.892821814713516,0.883866673056012,,0.33058191759482,,0.461919087092157,0.105,-9,-0.565217391304348,6.68333333333333,1.02,0,1,0,0,0,0,0,0,0,1,1,0,0,0,1,0,0,1,0
160,ARG,Argentina,1977-1983,7,1,1,1983,1,1,0,0,1,0,0,7,1,1,1,0.0404814369976521,0.56460477039218,0.400295197963715,0.228765070438385,0,0.412804574,0.423357561598993,-0.160845215095802,0.481608410171348,0.19544928116644,0.979690064880636,-0.491863056229225,13746,-990,-567,-81,9.52850315168155,-0.0710689333649306,-0.042123219037661,-0.00601760271966586,-1.94140734510793,-7.30539753017899,-6.70094780861644,-0.957278258373778,369.2797748868,627.750172810014,2.68645260357049,4.56799124409433,2.43570422346332,3.73292780279162,2.7057955105891,4.06936058419897,0.14,-9,-2.08333333333333,5.045,-5.78,0,1,0,0,0,0,0,0,0,0,1,1,0,0,1,0,0,0,1
373,AZE,Azerbaijan,1994,17,1,0,,1,0,0,0,0,1,0,1,0,0,0,,,0.497223943471909,-0.145725608,,,,,,,,,5163,-1149,-1149,-1149,8.54927308487965,-0.251729555523365,-0.251729555523365,-0.251729555523365,-24.2832319721981,-20.8261617900172,-20.8261617900172,-20.8261617900172,405.4651670672,335.6616624075,7.85328621086965,8.36227360257848,12.5657318113343,12.6626822661354,15.0789293096869,15.021175388545,0.418,-3,5.8695652173913,3.0225,-1.18,1,0,0,0,0,0,1,1,1,0,0,0,1,0,0,0,0,1,0
771,BGD,Bangladesh,1976,7,1,0,,1,0,0,0,0,1,0,1,0,0,0,0.0685711055994034,0.105837524,0.44216775894165,0.057832241,,,0.338337499953449,-0.000135693306677676,,,,,1004,107,107,107,6.91174730025167,0.101268489387956,0.101268489387956,0.101268489387956,-3.25991189427313,2.18579234972678,2.18579234972678,2.18579234972678,0.9065504502,1.5960882944,0.0902938695418327,0.143662312727273,0.00260387604371732,0.00557301010838918,0.564079253983116,0.706313108272935,0.217,-7,-1.42857142857143,5.045,0.78,0,0,0,0,0,1,1,1,0,0,1,0,0,0,1,0,1,0,0
370,BLR,Belarus,1994,3,3,1,1994,1,0,1,1,0,0,0,1,0,0,1,0.0260913874953985,0.041681254,0.450530529022217,-0.083653301,,,0.316386907299218,0.0741189995004095,,,,,11506,-4015,-4015,-4015,9.35062391742324,-0.429166338475355,-0.429166338475355,-0.429166338475355,-7.8126956303994,-11.5849517859568,-11.5849517859568,-11.5849517859568,43.4864011447,39.3811323585,0.377945429729706,0.525712619923909,0.61279961209343,0.608520336040162,2.14613003410079,1.86950007246686,0.56,7,5.8695652173913,3.0225,-1.18,1,0,0,0,0,0,1,1,0,0,0,0,1,0,0,0,0,1,0
370,BLR,Belarus,1999,16,5,0,,0,0,0,0,0,1,0,1,0,0,0,0.0340227782726288,0.540454298,0.266876131296158,0.165793031,0,0,0.447389480322884,0.0895753018193693,0.535331433788169,0.113845457670499,0.983041543263938,-0.280448460723891,7902,-74,-74,-74,8.97487117097134,-0.00940884245536999,-0.00940884245536999,-0.00940884245536999,8.81957916728847,3.64783324190894,3.64783324190894,3.64783324190894,27.3203402639,36.9925939411,0.345739562944824,0.472567628271589,0.167510893863725,0.763296351728539,0.744456789551098,1.63650643350702,0.362,-7,5.67391304347826,5.35333333333333,0.38,1,0,0,0,0,0,1,1,0,0,0,0,1,0,0,0,0,1,0
370,BLR,Belarus,2008-2009,16,14,0,,0,0,0,0,0,1,0,2,0,0,0,1,-0.869000301,0.647418975830078,0.23948741,0.412804573774338,-0.247995347,0.548801002644594,-0.337171372566669,0.651301426492423,0.164449334885567,0.282901327399229,0.570415245685441,12775,-208,1798,899,9.45524541507191,-0.0141720706783754,0.131680365461792,0.0658401827308959,8.97495005378823,0.325504212407455,10.8035750063716,5.40178750318582,113.6310953144,117.6175179415,0.889480198155773,0.800014616119048,1.07703733473051,0.898766173905045,1.54721694799584,1.3133487057136,0.222,-7,6.70212765957447,5.01916666666667,3.98,1,0,0,0,0,0,1,1,0,0,0,0,0,1,0,0,0,0,1
145,BOL,Bolivia,1963,12,11,1,1964,0,0,1,1,0,0,0,1,0,0,0,1,0,0.5,0,,,0.651540181706206,0,,,,,1247,62,62,62,7.12849594568004,0.0485228202298638,0.0485228202298638,0.0485228202298638,3.22700296735905,3.98850161696011,3.98850161696011,3.98850161696011,18.2782310314,18.0349624216,1.46577634574178,1.37776641876241,,,,,0.27,-3,0.545454545454546,2.70833333333333,-0.47,0,1,0,0,0,0,1,1,0,1,0,0,0,0,1,0,1,0,0
145,BOL,Bolivia,1972,8,1,0,,1,0,0,0,1,1,0,1,0,0,0,1,0,0.5,0,0.715815007686615,0,0.651540181706206,0,0.443390514606254,0,0.13691576596426,0,1809,-52,-52,-52,7.5005294853953,-0.0291663972081979,-0.0291663972081979,-0.0291663972081979,1.28380223982518,2.53505933117584,2.53505933117584,2.53505933117584,100.4102494129,135.193452879,5.55059421851299,7.6945619168469,1.09158347119033,1.30745837284485,2.03364146962301,2.37073375235881,0.113,-7,-1.1304347826087,4.6625,0.23,0,1,0,0,0,0,0,0,0,0,1,0,0,0,1,0,1,0,0
145,BOL,Bolivia,1979,8,8,1,1979,0,1,0,0,1,1,0,1,0,0,0,1,0,0.409627139568329,0.083314866,0.715815007686615,0,0.714522802755627,-0.0580637660148867,0.381333988064697,0.0572099981989985,0.13691576596426,0,2201,29,29,29,7.69666708152646,0.013089782927703,0.013089782927703,0.013089782927703,0.861497680583168,-2.32150678931231,-2.32150678931231,-2.32150678931231,266.9621373912,365.8820170491,12.1291293680691,16.4072653385247,2.68399964456164,4.96734918451362,6.04656649515901,9.34656545836334,0.099,-4,-1.45833333333333,7.93083333333333,0,0,1,0,0,0,0,1,0,0,0,1,0,0,0,1,0,1,0,0
145,BOL,Bolivia,1981-1982,2,1,1,1982,1,1,0,0,1,0,0,2,0,1,1,1,-0.97848055139184,0.492942005395889,-0.122178256511688,0.715815007686615,-0.534008741378784,0.65645903674074,-0.286216291297644,0.438543986263696,0.190854618623345,0.285593059862337,0.616345277022008,2229,-116,-107,-53.5,7.70930833338587,-0.0532235696979422,-0.0491940142119409,-0.0245970071059705,-3.00448430493274,-6.02100350058343,-6.96876124445768,-3.48438062222884,406.3821400109,417.10012805785,18.2315899511395,19.1530087641029,5.40675491654727,2.59968416564991,11.4189928644979,4.77543136935944,0.132,-7,-0.583333333333333,14.3183333333333,0.96,0,1,0,0,0,0,0,0,0,0,0,1,0,0,1,0,1,0,0
571,BWA,Botswana,1984,44,18,0,,0,0,0,1,0,0,0,1,0,0,0,0.431119024753571,-0.150106847,0.514211356639862,0.013707936,0.164809226989746,0,0.425727452512465,-0.0665236872518399,0.647144432254641,0.00941285778015077,0.697580920418933,0.0778923109710472,2963,615,615,615,7.99395754757357,0.1886017164951,0.1886017164951,0.1886017164951,7.89536266349584,9.72007934758651,9.72007934758651,9.72007934758651,0,0,0,0,0,0,2.30082482336378,1.6426861420932,0.666,6,-4.95348837209302,9.08666666666667,-1.14,0,0,0,1,0,0,1,1,0,0,0,1,0,0,1,0,1,0,0
140,BRA,Brazil,1965,21,1,0,,1,0,0,0,1,0,0,1,0,0,1,0.0462500303983688,0.95374997,0.5,0,0,0,0.289561512379477,0.361978669326729,,,,,2527,-18,-18,-18,7.83478810738819,-0.00714856102177208,-0.00714856102177208,-0.00714856102177208,0.383386581469649,-0.572883513685551,-0.572883513685551,-0.572883513685551,5.7484820868,5.7513440684,0.227482472766126,0.229228539992029,,,,,0.229,-3,0.454545454545455,3.49666666666667,-0.58,0,1,0,0,0,0,0,0,0,1,0,0,0,0,1,0,1,0,0
140,BRA,Brazil,1967-1969,21,3,0,,1,0,0,0,1,0,0,3,0,0,0,1,-0.851626291871071,0.5,0.120525002479553,0,0,0.651540181706206,-0.407215702757903,0.778172265163392,0,,,2626,112,340,113.333333333333,7.87321705486274,0.0417659509856527,0.121752467835136,0.0405841559450453,3.60648740930431,1.25643666323378,14.5076081738809,4.83586939129365,6.6816321809,8.15955075213333,0.254441438724296,0.284405096210402,,,,,0.146,-9,0.130434782608696,5.11166666666667,-0.92,0,1,0,0,0,0,0,0,0,1,0,0,0,0,1,0,1,0,0
140,BRA,Brazil,1971,21,7,0,,0,0,0,0,1,0,0,1,0,0,0,0.494036883115768,0.002464384,0.620525002479553,-0.120525002,0,0,0.375514728075389,0.0849315535482121,0.778172265163392,-0.0827611628044962,0.744334499892454,-0.00127879944140907,3275,301,301,301,8.09407314806935,0.0879269882240532,0.0879269882240532,0.0879269882240532,7.44319198425479,8.40965861781849,8.40965861781849,8.40965861781849,8.6993005569,9.8753879778,0.265627497920611,0.27615738192953,0.0849658045811494,0.109452859662991,1.6403054510728,1.40660922810392,0.187,-9,-0.826086956521739,7.18333333333333,2.52,0,1,0,0,0,0,0,0,0,0,1,0,0,0,1,0,1,0,0
140,BRA,Brazil,1974-1975,21,10,0,,0,0,0,0,1,0,0,2,0,0,0,0.479680329561234,0.135490983724594,0.5,-0.0974113941192627,0,0,0.454062196979648,0.11931108251892,0.695411102358895,-0.0668896916146928,0.751784294183382,-0.070307957490609,4291,99,348,174,8.36427508499152,0.0215718137163492,0.0779790197602193,0.0389895098801096,11.0719819692915,2.56225189462288,7.99027979570088,3.99513989785044,11.9626890592,33.2902201128,0.2787855758378,0.725934378882649,0.123118317535114,0.45812277156825,1.49573166807054,2.01726578360699,0.174,-9,-1.82608695652174,8.7275,0.56,0,1,0,0,0,0,0,0,0,0,1,0,0,0,1,0,0,1,0
140,BRA,Brazil,1977-1985,21,13,1,1985,0,1,0,0,1,0,0,9,0,1,1,0.44946750998497,-0.329407930374146,0.300716608762741,0.369718819856644,0,0,0.581479972603149,-0.347575222512484,0.558568747269817,0.25387561761082,0.767462102226736,0.170933874189673,4904,-175,303,33.6666666666667,8.49780647761605,-0.0344895747324365,0.0599526755468514,0.00666140839409459,7.56509500351865,-6.55937119865257,11.4187044608519,1.26874494009466,32.2627893713,65.5486577160333,0.657887222090131,1.28787005705312,0.342165036207068,0.761516179957822,1.94595842507235,2.59468047207414,0.204,-4,-2.08333333333333,5.045,-5.41,0,1,0,0,0,0,0,0,0,0,1,1,0,0,1,0,0,1,0
439,BFA,Burkina Faso,1994,23,7,0,,0,0,0,0,0,1,0,1,1,1,1,1,0,0.401865392923355,0.098134607,0.412804573774338,0,0.719932116406727,-0.0683919347005212,0.48268661932311,0.0673863018123846,0.282901327399229,0,1337,-141,-141,-141,7.19818357710194,-0.111445642591367,-0.111445642591367,-0.111445642591367,0.115606936416185,-2.19399538106236,-2.19399538106236,-2.19399538106236,0,0,0,0,0,0,7.6874316079629,11.5547742438339,0.428,-5,-0.478260869565218,3.0225,-1.18,0,0,0,1,0,0,0,1,0,0,0,0,1,0,0,0,1,0,0
516,BDI,Burundi,1996-1997,3,3,1,1996,1,0,1,0,1,1,0,1,1,0,1,0.318087190389633,-0.152784958481789,0.5,-0.032355845,0.164809226989746,0,0.392732423607182,-0.0354373628865602,0.637385889410023,-0.0222178576936137,0.756234545826944,0.0792820161965662,1141,-130,-161,-80.5,7.03966034986208,-0.120965130841604,-0.152107778197458,-0.0760538890987292,-11.2255406797116,-11.2529002320186,-13.7365603627375,-6.86828018136876,0,0,0,0,0,0,23.9678261704206,25.998455432952,0.242,0,0.133333333333333,5.83666666666667,0.46,0,0,0,1,0,0,1,0,0,0,0,0,1,0,0,0,1,0,0
471,CMR,Cameroon,1994-1996,27,11,0,,0,0,0,0,0,1,0,3,1,1,1,1,0,0.165306761860848,0.176315889,0.412804573774338,-0.247995347,0.884794471598467,-0.137148244802911,0.320248395092462,0.22244458953655,0.282901327399229,0.119480175867772,2118,-200,-5,-1.66666666666667,7.65822752616135,-0.099189270717968,-0.00236350854529554,-0.00118175427264777,-5.89473684210526,-5.23489932885906,-2.69508662429311,-0.898362208097704,106.3208714997,85.0108431105,5.01987117562323,4.19238547229709,2.97507895874906,3.77117854348588,5.28369548629535,8.78675409813231,0.309,-4,-0.478260869565218,5.11222222222222,2.09,0,0,0,1,0,0,1,1,0,0,0,0,1,0,0,0,1,0,0
483,TCD,Chad,1994-1996,20,4,0,,0,0,0,0,0,1,0,3,1,0,1,1,0,0.165306761860848,0.176315889,0.412804573774338,-0.247995347,0.884794471598467,-0.137148244802911,0.320248395092462,0.22244458953655,0.282901327399229,0.119480175867772,1006,-28,-10,-3.33333333333333,6.91373735065968,-0.0271861403041562,-0.00999009307508647,-0.00333003102502882,-3.57568533969011,-2.73809523809524,-0.742189326479738,-0.247396442159913,0,0,0,0,0,0,8.50696655893702,13.0476252231914,0.172,-4,-0.478260869565218,5.11222222222222,2.09,0,0,0,1,0,0,0,1,0,0,0,0,1,0,0,0,1,0,0
155,CHL,Chile,1974-1979,16,1,0,,1,0,0,0,1,1,0,6,1,1,1,0.0274657364934683,0.530331218615174,,,0,0.412804573774338,,,,,0.9864440738383,-0.474078083715571,6910,-1087,-198,-33,8.84072491676172,-0.183899063732703,-0.0290727518529579,-0.00484545864215965,-7.14670255720054,-14.3190775069333,8.79420746419147,1.46570124403191,110.3297112549,148.288453566467,1.59666731193777,2.45803421001277,0.115613631769627,0.876762977672245,7.37902776237361,10.5160220863861,0.339,-7,-1.82608695652174,7.67236111111111,-1.06,0,1,0,0,0,0,0,0,0,0,1,0,0,0,1,0,0,1,0
155,CHL,Chile,1982-1985,16,9,0,,0,0,0,0,1,1,0,4,1,1,1,1,-0.936311170458794,0.556860566139221,0.294850707054138,0.412804573774338,-0.412804574,0.611912936616296,-0.455998814019687,0.589117488441787,0.347803950711092,0.282901327399229,0.684746132700142,7282,-1031,-1276,-319,8.89316082873538,-0.152664098803566,-0.192646580192104,-0.048161645048026,4.47324945990596,-14.9738474638122,-14.6747976289976,-3.66869940724941,263.775676043,200.72159081,3.62229711676737,3.29996328164602,0.930908284399243,1.12869979181049,5.63418608753379,8.2767109753302,0.075,-7,-0.541666666666667,16.3783333333333,6.46,0,1,0,0,0,0,0,0,0,0,0,1,0,0,1,0,0,1,0
155,CHL,Chile,1987,16,14,0,,0,0,0,0,1,1,0,1,0,1,1,0.514908790588379,-0.092179209,0.377747297286987,0.018016219,0,0,0.552632835721503,-0.0475408199091975,0.611463575917335,0.0123712359644665,0.733503807377037,0.047832938615572,6179,328,328,328,8.72891172506098,0.0517220744340037,0.0517220744340037,0.0517220744340037,3.74392683623893,4.75206611570248,4.75206611570248,4.75206611570248,106.3631217807,84.0865878291,1.72136465092572,1.29224816088981,0.441066083885098,0.577377185949524,7.08066759647918,8.60046910156592,0.078,-6,2.58333333333333,6.6575,0.15,0,1,0,0,0,0,0,0,0,0,0,1,0,0,1,0,0,1,0
155,CHL,Chile,1989,16,16,1,1989,0,1,0,0,1,1,0,1,0,1,1,0.466426849365234,-0.110559046,0.600863814353943,-0.031730354,0,0,0.378738103791141,-0.0198471934441521,0.76467147480523,-0.0217883503449857,0.758661689982036,0.057370464894148,7025,545,545,545,8.85723049420195,0.0747178522295489,0.0747178522295489,0.0747178522295489,5.48323471400395,8.7634006482174,8.7634006482174,8.7634006482174,64.4990470887,61.7793091047,0.918135901618505,0.816107121594452,0.298360296950428,0.346630416776966,11.8668050727789,12.8221472136932,0.109,-1,3.16666666666667,7.56833333333333,-1.65,0,1,0,0,0,0,0,0,0,0,0,1,0,0,1,0,0,1,0
710,CHN,China,1984,61,35,0,,0,0,0,1,0,0,0,1,0,0,0,0.586043238639832,-0.294331104,0.5,0.036738038,0.164809226989746,0,0.494430328587634,-0.13731154360117,0.662612877061566,0,,,1907,213,213,213,7.55328660560042,0.10588476206564,0.10588476206564,0.10588476206564,4.65527401296405,9.74099099099099,9.74099099099099,9.74099099099099,56.7978632532,56.6315810643,2.9783882146408,2.67130099359906,6.27992383787165,5.9550084926658,12.2934901209068,10.0831327114666,0.1,-7,-1,9.08666666666667,-1.14,0,0,0,0,1,0,1,1,0,0,0,1,0,0,1,0,1,0,0
710,CHN,China,1986,61,37,0,,0,0,0,1,0,0,0,1,0,0,0,0.317382097244263,-0.126434505,0.536738038063049,0,0.164809226989746,0,0.366861358033178,-0.0479859453005929,0.662612877061566,0,0.756600427434183,0.0656084379751608,2310,99,99,99,7.74500280351584,0.0419641990990325,0.0419641990990325,0.0419641990990325,7.18317085684967,4.97845859262805,4.97845859262805,4.97845859262805,55.9851986308,30.8570247735,2.423601672329,1.28090596818182,5.35109623647014,2.68093230659911,9.49150643906178,5.51866352701401,0.1,-7,-0.9,6.805,1.3,0,0,0,0,1,0,1,1,0,0,0,1,0,0,1,0,1,0,0
710,CHN,China,1989,61,40,0,,0,0,0,1,0,0,0,1,0,0,0,1,0,0.489429950714111,-0.093445987,0,0,0.658906656613241,0.065124342958646,0.688152943870582,-0.0641667566382086,0.481783942388047,0,2571,-62,-62,-62,7.85205020726589,-0.0244106608994672,-0.0244106608994672,-0.0244106608994672,3.84779820436084,-0.782214903252367,-0.782214903252367,-0.782214903252367,28.7255904841,32.9346290664,1.11729251202256,1.3126595881387,3.05989255341352,3.96555504520037,6.05472188888159,6.7407943199791,0.101,-7,0.3,7.56833333333333,-1.65,0,0,0,0,1,0,1,1,0,0,0,1,0,0,1,0,1,0,0
710,CHN,China,1994,61,45,0,,0,0,0,1,0,0,0,1,0,0,0,0.731722295284271,0.05854255,0.489825963973999,0.082865775,0.164809226989746,0,0.556810683281853,-0.0355320124017223,0.630399662199038,0.0569016197810228,0.541594142664258,-0.0303784574901886,2997,138,138,138,8.00536706731666,0.0450173857503575,0.0450173857503575,0.0450173857503575,9.80615735461802,7.54586362062998,7.54586362062998,7.54586362062998,26.8441042832,24.5270723509,0.895699175281949,0.782362754414673,2.70254195287564,1.93066511136743,3.84511384907624,2.93315549878305,0.104,-7,2.25,3.0225,-1.18,0,0,0,0,1,0,1,1,0,0,0,0,1,0,0,0,1,0,0
490,COD,"Congo, Democratic Republic",1976,37,16,0,,0,0,0,0,0,1,0,1,0,1,1,1,-0.94066247,,,0.164809226989746,0,,,,,0.402381503267001,0.488121461042428,1870,-241,-241,-241,7.53369370984863,-0.137972101246588,-0.137972101246588,-0.137972101246588,-7.62114537444934,-8.29756795422032,-8.29756795422032,-8.29756795422032,0.4044248202,19.7661087774,0.0216269957326203,1.21338912077348,0.0016509848246496,0.717103447259339,6.56186663075359,8.03652352276195,0.16,-9,-5.32558139534884,5.045,0.78,0,0,0,1,0,0,0,1,0,0,1,0,0,0,1,0,1,0,0
490,COD,"Congo, Democratic Republic",1983,37,23,0,,0,0,0,0,0,1,0,1,1,1,1,0.396065562963486,-0.373411445,0.336517482995987,0.054494172,0.164809226989746,-0.164809227,0.536261890577964,-0.179699665344691,0.525126997668839,0.0954448435292666,0.715770597943492,0.273170284597865,1632,9,9,9,7.39756153552405,0.00549955556603887,0.00549955556603887,0.00549955556603887,-3.2258064516129,-1.13207547169811,-1.13207547169811,-1.13207547169811,22.8833250639,21.4134735718,1.40216452597426,1.30490393490555,0.282711304927212,0.737124423322897,9.62720390586891,10.5615137863129,0.156,-9,-4.86046511627907,12.2583333333333,3.17,0,0,0,1,0,0,0,1,0,0,0,1,0,0,1,0,1,0,0
490,COD,"Congo, Democratic Republic",1989,37,29,0,,0,0,0,0,0,1,0,1,0,1,1,0.18806391954422,0.058344081,0.5,0,0.164809226989746,0,0.343384426687412,0.0221434479607805,0.637385889410023,0,0.823705239064886,-0.0302754696816009,1530,7,7,7,7.33302301438648,0.00456472915211492,0.00456472915211492,0.00456472915211492,-2.58186397984887,-3.7491919844861,-3.7491919844861,-3.7491919844861,9.0520002826,9.4749380701,0.591634005398693,0.616456608334418,0.956399898310805,1.47767664600375,19.2019535320737,19.8565965126731,0.154,-9,-5.44186046511628,7.56833333333333,-1.65,0,0,0,1,0,0,0,1,0,0,0,1,0,0,1,0,1,0,0
490,COD,"Congo, Democratic Republic",1994-1997,37,34,1,1997,0,0,1,0,0,1,0,4,1,1,1,0.0168487913906574,0.102557245641947,0.350357979536057,0.380009084939957,0.164809226989746,0.060602068901062,0.382691262750791,-0.247251813465242,0.534630881210697,0.239605181068441,0.912550899647278,-0.0532386735135015,886,-188,-275,-68.75,6.78671695060508,-0.238497847842709,-0.371619991433486,-0.0929049978583714,-16.404077849861,-9.31263858093126,-23.6549435152874,-5.91373587882185,5.3246125119,5.1924401566,0.600972066805869,0.791117185542701,0.772016769073272,1.74377833353641,10.994494013184,32.6780356038651,0.18,0,-0.478260869565218,3.0225,-2.18,0,0,0,1,0,0,0,1,0,0,0,0,1,0,0,1,0,0,0
490,COD,"Congo, Democratic Republic",1999,13,2,0,,1,0,0,0,0,1,0,1,0,1,1,0.0997978672385216,-0.027663037,0.629899144172669,-0.138049155,0.225411295890808,0,0.2193553676548,0.0857101583964062,0.705247539252433,-0.0947945106503626,0.840310488307996,0.014354694229169,537,5,5,5,6.28599809450887,0.0092679069307815,0.0092679069307815,0.0092679069307815,-5.95744680851064,-6.63650075414781,-6.63650075414781,-6.63650075414781,3.2665316878,4.0925866397,0.608292679292365,0.755089785922509,0.580178292777349,1.7028145049903,32.1483417540856,28.5052943817884,0.154,0,-0.333333333333333,5.35333333333333,0.38,0,0,0,1,0,0,1,1,1,0,0,0,1,0,0,1,0,0,0
490,COD,"Congo, Democratic Republic",2009,13,12,0,,0,0,0,0,0,1,0,1,0,1,1,0.268746018409729,-0.09139286,0.876774847507477,-0.000764966,0.164809226989746,0,0.111424078267673,-0.0341533984741213,0.896106684711362,-0.000525280856899402,0.781838293963803,0.0474248922421916,608,7,7,7,6.41017488196617,0.0114473858403503,0.0114473858403503,0.0114473858403503,3.3003300330033,0.159744408945687,0.159744408945687,0.159744408945687,12.124260169,6.3305430296,1.99412173832237,1.02935659017886,3.05246025040438,1.44465021705925,31.9853359796968,31.9225668048584,0.385,5,2.02222222222222,0.16,1.77,0,0,0,1,0,0,1,1,0,0,0,0,0,1,0,1,0,0,0
437,CIV,Cote d'Ivoire,1994,39,34,0,,0,0,0,1,0,0,0,1,0,1,1,1,0,0.401865392923355,0.098134607,0.412804573774338,0,0.719932116406727,-0.0683919347005212,0.48268661932311,0.0673863018123846,0.282901327399229,0,2225,-151,-151,-151,7.70751219460034,-0.0702778058108677,-0.0702778058108677,-0.0702778058108677,-3.33677330581355,-3.45195729537367,-3.45195729537367,-3.45195729537367,0.2927961178,0,0.0131593760808989,0,0.21292043180752,0.236019645478701,3.36550848196165,5.2744377308004,0.337,-7,-0.478260869565218,3.0225,-1.18,0,0,0,1,0,0,1,1,0,0,0,0,1,0,0,0,1,0,0
130,ECU,Ecuador,1971,2,1,1,1972,1,0,0,0,0,1,0,1,0,0,0,1,0,0.5,0,0.655212938785553,-0.164809227,0.651540181706206,0,0.46472698961651,0.0580252129488719,0.166112869636284,0.0794024391210476,3778,106,106,106,8.23695004806146,0.0276707813497605,0.0276707813497605,0.0276707813497605,3.88195682313329,2.6882745471878,2.6882745471878,2.6882745471878,10.6830109098,7.3931047907,0.282768949438856,0.190347703159114,0.0300991037627611,0.0449716718877881,0.61249680106122,0.734459189349604,0.289,0,-0.826086956521739,7.18333333333333,2.52,0,1,0,0,0,0,1,1,0,0,1,0,0,0,1,0,1,0,0
651,EGY,Egypt,1962,58,10,0,,0,0,0,1,1,1,0,1,0,0,0,1,0,,,,,,,,,,,1728,76,76,76,7.454719949364,0.0430417512585679,0.0430417512585679,0.0430417512585679,3.9727582292849,4.18486171761281,4.18486171761281,4.18486171761281,13.041425556,15.5488847831,0.754712127083333,0.861911573342572,,,,,0.152,-7,-5.15384615384615,1.955,-0.75,0,0,1,0,0,0,0,1,0,1,0,0,0,0,1,0,1,0,0
651,EGY,Egypt,1979,58,27,0,,0,0,0,1,1,1,0,1,0,0,1,1,0,0.278466314077377,0.150725722,0,0,0.80593135759131,-0.105043715618728,0.543290089538896,0.103499156079934,0.481783942388047,0,3188,155,155,155,8.06714903991011,0.0474748465099921,0.0474748465099921,0.0474748465099921,4.35244161358811,4.65920651068159,4.65920651068159,4.65920651068159,230.7819248264,463.6101067118,7.2390817072271,13.8680857526713,14.490702980043,29.8216632206796,15.2054652077056,30.4411727739145,0.215,-6,-7.3,7.93083333333333,0,0,0,1,0,0,0,0,1,0,0,1,0,0,0,1,0,1,0,0
651,EGY,Egypt,1989-1991,58,37,0,,0,0,0,1,1,1,0,3,0,0,0,1,-0.92321308,0.58355575799942,-0.139565825462341,0,0,0.59330853320645,-0.253122776870356,0.752786514503909,-0.0958359656951046,0.481783942388047,0.479066755358722,4418,-1,110,36.6666666666667,8.39344238398006,-0.00022439133943486,0.024593235902957,0.00819774530098568,1.82620605691676,-0.192935589195607,1.95187970116558,0.650626567055193,195.510402153,241.599656957667,4.42531467073336,5.39462629800421,11.2470397075386,14.7003234005223,11.9499174462906,15.4136382333481,0.232,-6,-7,7.56833333333333,-0.1,0,0,1,0,0,0,0,1,0,0,0,1,0,0,1,0,0,1,0
651,EGY,Egypt,2001,58,49,0,,0,0,0,1,1,1,0,1,0,0,0,0.452174156904221,-0.192690343,0.164653703570366,-0.038318843,0.835190832614899,0.164809167,0.677332142263205,-0.046427004484247,0.171088304904485,-0.0843376741021151,0.363676057475537,0.0205870062231149,5269,216,216,216,8.56959587020929,0.0401765025000458,0.0401765025000458,0.0401765025000458,3.60057609217475,2.32854494902688,2.32854494902688,2.32854494902688,210.3709347816,207.9397119336,3.99261595713798,3.79106129322881,6.44540774405332,5.22323859788581,7.02872205600639,6.04915926821348,0.209,-6,-4.36842105263158,3.8875,2.35,0,0,1,0,0,0,0,1,0,0,0,0,0,1,0,0,0,1,0
651,EGY,Egypt,2003,58,51,0,,0,0,0,1,1,1,0,1,0,0,0,0.939652800559998,-0.771945104,0.125632539391518,0.067556351,1,-0.284184992,0.889540520736587,-0.340059246123001,0.0862683661664953,0.146443503883714,0.0313149127437836,0.537487686437159,5527,64,64,64,8.61740045183326,0.011512989193383,0.011512989193383,0.011512989193383,0.803803917128948,0.628930817610063,0.628930817610063,0.628930817610063,201.5242751754,275.5779715549,3.6461783096689,4.92895674396172,5.87968660416336,7.48730961151447,6.7179044291499,8.55748725232416,0.206,-6,-4.21052631578947,1.66666666666667,-0.54,0,0,1,0,0,0,0,1,0,0,0,0,0,1,0,0,0,1,0
92,SLV,El Salvador,1973,34,25,0,,0,0,0,1,1,0,0,1,0,0,0,1,0,,,0.164809226989746,0,,,,,0.402381503267001,0,2381,102,102,102,7.77527584648686,0.0419469390213036,0.0419469390213036,0.0419469390213036,3.2520325203252,2.67716535433071,2.67716535433071,2.67716535433071,0,0,0,0,0,0,0.597484203276049,0.905902565675756,0.195,-1,-1.69565217391304,4.43416666666667,0,0,1,0,0,0,0,0,1,0,0,1,0,0,0,1,0,1,0,0
92,SLV,El Salvador,1988-1989,12,6,0,,0,0,0,0,1,0,0,2,1,0,1,1,0,0.5,0.136903822,0,0,0.651540181706206,-0.0954109621698114,0.695411102358895,0.0940080423391779,0.481783942388047,0,2744,72,149,74.5,7.91717198884578,0.0252025939741394,0.0528773161303597,0.0264386580651799,0.738007380073801,-0.690846286701209,-0.884770010036697,-0.442385005018349,0,0,0,0,0,0,0.304132434269338,0.324073010460229,0.201,6,2.70833333333333,6.6575,-1.74,0,1,0,0,0,0,1,0,1,0,0,1,0,0,1,0,1,0,0
530,ETH,Ethiopia,1993,19,2,0,,1,0,0,1,0,0,0,1,0,1,1,1,0,0.617670953273773,0,0.164809226989746,-0.164809227,0.569532983713733,0,0.718187256104898,0.0580252129488728,0.402381503267001,0.0794024391210466,771,-42,-42,-42,6.64768837356333,-0.056014641554671,-0.056014641554671,-0.056014641554671,-11.8421052631579,-0.497512437810945,-0.497512437810945,-0.497512437810945,0,0,0,0,0,0,15.0340996803246,14.5879043027405,0.246,0,-1.20454545454545,3.52166666666667,0.5,0,0,0,1,0,0,1,1,0,0,0,0,1,0,0,1,0,0,0
481,GAB,Gabon,1994,50,34,0,,0,0,0,1,0,1,0,1,0,1,1,1,0,0.165306761860848,0.052263677,0.412804573774338,0,0.884794471598467,-0.0364235828653463,0.320248395092462,0.0358880116317856,0.282901327399229,0,10158,-1398,-1398,-1398,9.22601685136119,-0.148065667430753,-0.148065667430753,-0.148065667430753,-0.316973415132924,2.67206893014668,2.67206893014668,2.67206893014668,2956.1430841085,2877.4282730641,25.9799217994884,23.0225034255229,25.9799217994884,23.0225034255229,29.5607033872618,27.2920149052248,0.332,-4,-0.478260869565218,3.0225,-1.18,0,0,0,1,0,0,1,1,0,0,0,0,1,0,0,0,0,1,0
420,GMB,Gambia,1985,29,20,0,,0,0,0,1,0,0,0,1,0,0,1,1,0,0.613524913787842,-0.014259696,0,0,0.572422440045546,0.00993786215889114,0.773365499198306,-0.00979173614171502,0.481783942388047,0,2351,-28,-28,-28,7.76259604854007,-0.0119813157696598,-0.0119813157696598,-0.0119813157696598,-1.3840830449827,-0.818713450292398,-0.818713450292398,-0.818713450292398,0,0,0,0,0,0,3.10730857527351,1.8544441391885,0.432,7,-5.34883720930233,8.10083333333333,0,0,0,0,1,0,0,1,1,0,0,0,1,0,0,1,0,1,0,0
420,GMB,Gambia,2003,16,9,0,,0,0,0,0,0,1,0,1,0,0,0,0.269424468278885,-0.083712742,0.645847201347351,-0.021955669,1,0,0.272619582968868,-0.0164703306339971,0.443485287516213,-0.0150763464269115,0.379104734617136,0.0434395833978239,1661,165,165,165,7.4151751096133,0.0947079515416185,0.0947079515416185,0.0947079515416185,-2.17256362507759,-0.380710659898477,-0.380710659898477,-0.380710659898477,0,0,0,0,0,0,3.52565534366854,6.12842064454914,0.274,-5,1.48888888888889,1.66666666666667,0.54,0,0,0,1,0,0,0,1,0,0,0,0,0,1,0,0,1,0,0
372,GEO,Georgia,1999,11,7,0,,0,0,0,0,0,1,0,1,0,0,0,0.170702785253525,-0.056639038,0.733028709888458,0.179925501,0.630800485610962,0.060602069,0.174393036205026,-0.146889944521313,0.633336330375456,0.102213356172298,0.608207041991606,0.000193597970223336,3455,-21,-21,-21,8.14757773620177,-0.0060966947443486,-0.0060966947443486,-0.0060966947443486,3.59866539561487,3.58868184955141,3.58868184955141,3.58868184955141,3.3314492438,4.1837635187,0.0964240012677279,0.121833532868375,0.0425050015249857,0.196457357056138,0.210174137477947,0.41408564486476,0.373,5,5.67391304347826,4.97,0.38,1,0,0,0,0,0,1,1,0,0,0,0,1,0,0,0,1,0,0
452,GHA,Ghana,1967,3,1,0,,1,0,0,0,1,0,0,1,0,1,1,1,0,0.379696577787399,0.142863601,,,0.735381998994855,-0.0995644492014463,,,,,2457,-80,-80,-80,7.80669637252118,-0.0331019051609847,-0.0331019051609847,-0.0331019051609847,-2.74348422496571,-1.12834978843441,-1.12834978843441,-1.12834978843441,0,0,0,0,,,,,0.137,-7,-3.52941176470588,5.11166666666667,0.89,0,0,0,1,0,0,0,0,0,1,0,0,0,0,1,0,1,0,0
452,GHA,Ghana,1978,7,6,1,1979,0,1,0,0,1,0,0,1,0,0,0,1,0,0.5,0,0.164809226989746,-0.164809227,0.651540181706206,0,0.637385889410023,0.0580252129488723,0.402381503267001,0.0794024391210466,2144,-18,-18,-18,7.67042852219069,-0.00843096328879955,-0.00843096328879955,-0.00843096328879955,0.27027027027027,6.68463611859838,6.68463611859838,6.68463611859838,0,1.3528076171,0,0.0636315906444026,0,0.0698125516370258,7.40909376953822,6.37663218784384,0.121,-7,-5.41860465116279,7.93083333333333,2.39,0,0,0,1,0,0,0,0,0,0,1,0,0,0,1,0,1,0,0
452,GHA,Ghana,1983-1989,19,2,0,,1,0,0,0,0,1,0,7,1,1,1,1,-0.936017155647278,0.5,0.281848192214966,0,0,0.651540181706206,-0.479401194068066,0.695411102358895,0.1935373046436,0.481783942388047,0.485710949766938,1586,-105,99,14.1428571428571,7.36897040219479,-0.068497587926994,0.060550440591669,0.008650062941667,-8.75627440044618,-10.4523227383863,2.18644061491432,0.312348659273475,3.2958842716,0.675926982385714,0.207811114224464,0.044326019372416,0.0832157400589681,0.0693936233867627,8.52253861154861,5.58489379086948,0.111,-7,-4.86046511627907,12.2583333333333,4.02,0,0,0,1,0,0,0,1,0,0,0,1,0,0,1,0,1,0,0
452,GHA,Ghana,1992-1997,19,11,0,,0,0,0,0,0,1,0,6,0,0,0,0.594218194484711,-0.363527312874794,0.650116205215454,-0.228887498378754,0,0.412804573774338,0.392914055052093,0.0528626154466734,0.798491720021916,-0.269030813162516,0.692349170777137,0.188638846347357,1779,-51,307,51.1666666666667,7.48380668766584,-0.0279240700301688,0.159196947894883,0.0265328246491472,3.05755395683453,1.20137299771167,12.4954746733121,2.08257911221868,0,1.39943695271667,0,0.0727260821719429,0,0.187844686826953,5.40940722818165,10.2523082038539,0.111,-4,-2.40909090909091,4.55680555555556,1.13,0,0,0,1,0,0,0,1,0,0,0,0,1,0,0,0,1,0,0
452,GHA,Ghana,1999-2000,19,18,1,2000,0,1,0,0,0,1,0,2,0,0,0,0.601106882095337,-0.41201289,0.290710657835007,-0.151460454,0.164809226989746,0,0.646005316165309,-0.0508163271862844,0.493672726466081,-0.104003675777828,0.609372105932813,0.213798615657463,2009,116,328,164,7.60539236481494,0.0509105106444308,0.151230969723923,0.0756154848619617,2.82776349614396,1.70815031722792,4.15815031722792,2.07907515861396,2.128374387,4.9166569979,0.105941980438029,0.214134319508425,0.0931640059329519,0.589784248284492,10.334087419879,8.65804750269498,0.6,2,-0.333333333333333,5.35333333333333,-0.25,0,0,0,1,0,0,1,1,0,0,0,0,1,0,0,0,1,0,0
90,GTM,Guatemala,1986,10,1,0,,1,0,0,0,1,0,0,1,0,1,1,1,0,0.5,0,0,0,0.651540181706206,0,0.695411102358895,0,0.481783942388047,0,3404,65,65,65,8.13270648969326,0.018915157276485,0.018915157276485,0.018915157276485,-3.2461332824136,-2.92086046970594,-2.92086046970594,-2.92086046970594,10.3472662629,7.1149892445,0.303973744503525,0.205102024920726,0.186476246077227,0.184871796966645,0.496673216094406,0.603045480367097,0.141,-1,2.375,6.805,1.3,0,1,0,0,0,0,1,0,0,0,0,1,0,0,1,0,1,0,0
90,GTM,Guatemala,1989-1991,10,4,0,,0,0,0,0,1,0,0,3,0,1,1,1,-0.884181775152683,0.50378429889679,0.097858787,0.164809226989746,0.308597445,0.648902829494317,-0.391956198093999,0.63998446207673,-0.118562938642158,0.402381503267001,0.360340952986793,3329,117,458,152.666666666667,8.11042723757502,0.0313824868531789,0.128902190326771,0.0429673967755904,-0.204876049989756,0.242669362992922,1.7575094437346,0.585836481244868,5.3515766148,6.50962685983333,0.160756281610093,0.178038734298027,0.148554993197865,0.238093741853346,0.578171724866439,1.39605628313922,0.367,3,3.16666666666667,7.66777777777778,-0.1,0,1,0,0,0,0,1,0,0,0,0,1,0,0,1,0,1,0,0
438,GIN,Guinea,1982,26,24,0,,0,0,0,1,0,0,0,1,0,0,0,0.372376382350922,0.026713043,,,0.164809226989746,0,,,,,0.728063208549088,-0.0138617306612581,1386,-25,-25,-25,7.23417717974985,-0.0182021770983827,-0.0182021770983827,-0.0182021770983827,-1.47313691507799,-0.351802990325418,-0.351802990325418,-0.351802990325418,0,0,0,0,,,,,0.147,-9,-4.86046511627907,12.2583333333333,0,0,0,0,1,0,0,1,1,0,0,0,1,0,0,1,0,1,0,0
438,GIN,Guinea,2005,24,21,0,,0,0,0,0,0,1,0,1,0,0,0,1,-0.759651557,0.212923645973206,0,0,0.164809227,0.851609330027449,-0.288312103148904,0.498283764593741,-0.058025212948872,0.481783942388047,0.314790206630557,1021,-13,-13,-13,6.92853781816467,-0.0128143695333511,-0.0128143695333511,-0.0128143695333511,-0.156862745098039,0.942655145326002,0.942655145326002,0.942655145326002,0,0,0,0,0,0,15.1656055002223,23.1407635715955,0.292,-1,1.6,1.34916666666667,-1.86,0,0,0,1,0,0,0,1,0,0,0,0,0,1,0,0,1,0,0
404,GNB,Guinea Bissau,1980,6,6,1,1980,0,0,1,1,0,0,0,1,0,0,0,0.439359098672867,-0.084286183,0.400449931621552,-0.119130969,0.164809226989746,0,0.508137395538502,0.0510354048340764,0.50123736018086,0.0356662795886001,0.728062156942964,-0.0138607099847266,1541,-274,-274,-274,7.34018683532012,-0.195779654998977,-0.195779654998977,-0.195779654998977,0.254129606099111,-17.8073510773131,-17.8073510773131,-17.8073510773131,0,0,0,0,0,0,23.6010486739754,32.435419237931,0.134,-7,-4.37209302325581,11.1941666666667,0,0,0,0,1,0,0,0,1,0,0,1,0,0,0,1,0,1,0,0
404,GNB,Guinea Bissau,1994-1997,19,14,0,,0,0,0,0,0,1,0,4,0,1,1,0.195601657032967,0.145799413,0.626957714557648,-0.126957715,0,0.225411295890808,0.257765915263927,0.143814872711462,0.782589429408296,-0.166540015008528,0.89919625240419,-0.163461470869539,1175,-4,351,87.75,7.06902342657826,-0.00309119256967261,0.261381785266143,0.0653454463165357,-0.945454545454546,0.0734214390602056,6.82835812386764,1.70708953096691,0,0,0,0,0,0,15.9723264636258,23.0290020837582,0.161,-6,-0.478260869565218,3.0225,-2.18,0,0,0,1,0,0,0,1,0,0,0,0,1,0,0,0,1,0,0
41,HTI,Haiti,1992-1993,3,1,1,1994,1,1,0,0,1,0,0,2,0,1,0,0.0797595232725143,0.177564397,,,0.412804573774338,0,,,,,0.760425562151311,-0.0921403754321823,2382,-169,-335,-167.5,7.77569574991525,-0.0779737543897605,-0.151565164253956,-0.075782582126978,0,-7.50242013552759,-14.6067366822902,-7.30336834114509,0,0,0,0,0,0,0.754578924933447,1.20923480772194,0.332,-7,5.33333333333333,3.27208333333333,0,0,1,0,0,0,0,1,0,0,0,0,0,1,0,0,0,1,0,0
41,HTI,Haiti,2003,5,4,1,2004,0,1,0,0,0,1,0,1,0,0,0,0.192204415798187,-0.014877006,0.514699578285217,0.177468061,0.696989595890045,0.060602069,0.334711452910843,-0.129327277446455,0.460112263014564,0.100525900628502,0.56516072784448,-0.0214772399171279,1843,-23,-23,-23,7.51914995766982,-0.012558177598982,-0.012558177598982,-0.012558177598982,-1.99430199430199,-1.45348837209302,-1.45348837209302,-1.45348837209302,0,0,0,0,0,0,0.692007396600362,0.845124102569404,0.411,-2,6.875,1.66666666666667,0.54,0,1,0,0,0,0,1,1,0,0,0,0,0,1,0,0,1,0,0
310,HUN,Hungary,1968,43,21,0,,0,0,0,1,0,0,0,1,0,0,1,1,0,0.5,0,,,0.651540181706206,0,,,,,6610,135,135,135,8.79633893284573,0.0202178357961245,0.0202178357961245,0.0202178357961245,5.33392304290137,0.822976150487068,0.822976150487068,0.822976150487068,43.7880427581,51.7740185283,0.662451478942511,0.767591082702743,,,,,0.132,-7,1.89285714285714,4.22,-1.44,1,0,0,0,0,0,1,1,0,1,0,0,0,0,1,0,0,1,0
310,HUN,Hungary,1982,43,35,0,,0,0,0,1,0,0,0,1,0,0,0,0.38198322057724,-0.058615446,0.623827040195465,0,,,0.330685518286288,-0.022246439689813,,,,,11201,212,212,212,9.32375833901174,0.0187499965418603,0.0187499965418603,0.0187499965418603,0.703812316715543,3.66271921309778,3.66271921309778,3.66271921309778,317.1992352075,316.528999938,2.83188318192572,2.77340751719968,,,,,0.148,-7,3.64285714285714,12.2583333333333,0,1,0,0,0,0,0,1,1,0,0,0,1,0,0,1,0,0,1,0
310,HUN,Hungary,1989,43,42,1,1990,0,1,0,1,0,0,0,1,0,0,0,0.267699807882309,-0.055956274,0.655093610286713,0.116084933,0,0,0.265521015136621,-0.1021390683062,0.801909565472833,0.0797122909335201,0.861783624746465,0.029036407033371,12486,77,77,77,9.43236329562169,0.0061479693827291,0.0061479693827291,0.0061479693827291,3.17833665038297,-1.81786298807575,-1.81786298807575,-1.81786298807575,104.3127105309,106.9970673777,0.835437374106199,0.851684051402531,,,,,0.179,-2,4.53571428571429,7.56833333333333,-1.65,1,0,0,0,0,0,1,1,0,0,0,1,0,0,1,0,0,0,1
850,IDN,Indonesia,1967-1968,33,1,0,,1,0,0,1,1,1,0,2,0,1,1,0.0967118069529533,0.112025894,,,,,,,,,,,1079,27,75,37.5,6.98378996525813,0.0247152168241458,0.0671994818099106,0.0335997409049553,-2.02898550724638,-4.20118343195266,3.27256579596581,1.6362828979829,21.4264346306,23.68398865045,1.98576780635774,2.09476141647959,,,,,0.207,-6,-1.5,5.11166666666667,0.17,0,0,0,0,1,0,0,1,0,1,0,0,0,0,1,0,1,0,0
850,IDN,Indonesia,1977-1978,33,12,0,,0,0,0,1,1,1,0,2,0,0,0,1,0,,,0.715815007686615,-0.247995377,,,,,0.256395956190311,-0.119480190226051,2207,10,10,10,7.69938940625674,0.00452080335957472,0.00452080335957472,0.00452080335957472,5.29896168993913,2.14212852771166,2.14212852771166,2.14212852771166,260.7804757789,241.4550313651,11.8160614308518,10.8910704269328,14.4709767293294,12.3430895289008,17.7622106181817,15.2068319287327,0.199,-7,-2,7.93083333333333,2.39,0,0,0,0,1,0,0,1,1,0,1,0,0,0,1,0,1,0,0
850,IDN,Indonesia,1983,33,17,0,,0,0,0,1,1,1,0,1,0,0,0,0.706043243408203,-0.607533284,,,1,0,,,,,0.152537818963238,0.315256580906505,2494,-7,-7,-7,7.82164312623998,-0.00281068243657767,-0.00281068243657767,-0.00281068243657767,-5.70596797671034,1.79067613460945,1.79067613460945,1.79067613460945,321.4923981982,282.6392378907,12.8906334482037,11.3646657776719,9.00147856936429,11.6487987533638,10.5245954051106,13.5676774214504,0.194,-7,-1.05,9.08666666666667,3.17,0,0,0,0,1,0,0,1,0,0,0,1,0,0,1,0,1,0,0
850,IDN,Indonesia,1997-1998,33,31,1,1999,0,1,0,1,1,1,0,2,1,0,1,0.662726163864136,-0.63172160089016,0.384686142206192,0.0783810019493103,0.939397931098938,-0.28601336479187,0.603898447314547,-0.29438384577757,0.285489736066289,0.154520214242165,0.204212694243979,0.465604846245867,4572,-938,-948,-474,8.4277060249147,-0.230182735681463,-0.232372357751832,-0.116186178875916,6.00270544470747,-14.4781666150511,-11.4633317131529,-5.73166585657644,135.5417775443,110.16582635845,2.96460580805556,2.68387401784374,3.40136893341554,3.31204008130454,5.88234916068258,6.79211497319474,0.188,-7,2.25,5.40666666666667,-0.11,0,0,0,0,1,0,0,1,0,0,0,0,1,0,0,0,0,1,0
630,IRN,Iran,1985,31,6,0,,0,0,0,0,0,0,0,1,0,1,1,0.458033442497253,-0.0693416,,,0.164809226989746,0,,,,,0.683614694131479,0.03598221908928,6368,-95,-95,-95,8.75904072752422,-0.0150307394274751,-0.0150307394274751,-0.0150307394274751,-2.21524085709683,-1.41692066891836,-1.41692066891836,-1.41692066891836,1344.0301042945,1201.6338155018,21.1060003815091,19.1556482624231,11.3984441000466,10.1524045125301,11.5790008213996,10.3290052956987,0.112,-6,-7.15,8.10083333333333,0,0,0,1,0,0,0,1,1,1,0,0,1,0,0,1,0,0,1,0
630,IRN,Iran,1993,31,14,0,,0,0,0,0,0,0,0,1,0,1,1,0.334798097610474,-0.323829176,,,0,0,,,,,0.826965487242278,0.168038989073871,6081,-267,-267,-267,8.71292443512011,-0.0449003540012889,-0.0449003540012889,-0.0449003540012889,7.38112790269075,-4.31648502531537,-4.31648502531537,-4.31648502531537,805.8248437365,713.4471083797,13.2515185616922,12.2711920945941,,28.9913170573388,,29.4906062858979,0.171,-6,-6.05263157894737,3.0225,0.5,0,0,1,0,0,0,1,1,0,0,0,0,1,0,0,0,0,1,0
630,IRN,Iran,2000,31,21,0,,0,0,0,0,0,0,0,1,0,0,0,0.674117088317871,-0.557246722,,,0,0,,,,,0.650888640513462,0.289162258512707,6862,711,711,711,8.8337542234184,0.0985903456954276,0.0985903456954276,0.0985903456954276,0.334868145667643,1.73550271172299,1.73550271172299,1.73550271172299,611.8194036883,1007.1134017402,8.91605076782716,13.2987376434729,17.2200402996342,31.4475783307432,17.8742087964571,32.7123808950808,0.226,3,-4.47368421052632,4.97,-1.27,0,0,1,0,0,0,1,1,0,0,0,0,1,0,0,0,0,1,0
663,JOR,Jordan,1989,64,43,0,,0,0,0,0,0,0,1,1,1,1,1,0.183495253324509,0.078997612,0.633578658103943,0.024577737,0.164809226989746,0,0.248556881626259,0.0128534172111279,0.729110634011643,0.0168768474535477,0.826075976818307,-0.0409928439047347,5547,82,82,82,8.62101252005524,0.0146745654087912,0.0146745654087912,0.0146745654087912,-4.29844316067757,-13.6177614078167,-13.6177614078167,-13.6177614078167,0.5197981505,0.9180785774,0.00937079773751577,0.0163097988523716,0.0369542393473149,0.0308247521785749,0.0622204054083702,0.0871117505917059,0.129,-9,-7,7.56833333333333,-1.65,0,0,1,0,0,0,0,0,0,0,0,1,0,0,1,0,0,1,0
705,KAZ,Kazakhstan,1999,19,8,0,,0,0,0,0,0,1,0,1,0,0,0,0.569944381713867,-0.457939006,0.967908024787903,-0.01661098,0.164809226989746,0,0.162226006023841,-0.162226006023841,0.958685299659542,-0.0114062974042153,0.625542715163718,0.237630248960898,5079,-136,-136,-136,8.53286967080125,-0.0271419574942868,-0.0271419574942868,-0.0271419574942868,-0.596330275229358,3.56483617904938,3.56483617904938,3.56483617904938,282.7718710457,436.8429338684,5.56747137321717,8.83760740174793,1.70617068583512,9.76091775308779,3.14594904559542,11.0227394466048,0.301,-4,5.67391304347826,4.97,0.38,1,0,0,0,0,0,1,1,0,0,0,0,1,0,0,0,0,1,0
501,KEN,Kenya,1976,39,13,0,,0,0,0,1,0,0,0,1,0,0,0,1,-0.343873143,0.335688591003418,0.189555049,0.164809226989746,0,0.766052029151299,-0.26261551053657,0.52455782062065,0.130162173351637,0.402381503267001,0.178440053126614,1912,-36,-36,-36,7.55590509361135,-0.0190079640451764,-0.0190079640451764,-0.0190079640451764,-4.03190075321223,0.184672206832872,0.184672206832872,0.184672206832872,0,0,0,0,0,0,4.18218125600642,3.69355964126757,0.214,-7,-5.32558139534884,5.045,0.78,0,0,0,1,0,0,1,1,0,0,1,0,0,0,1,0,1,0,0
501,KEN,Kenya,1981-1982,39,18,0,,0,0,0,1,0,0,0,2,0,0,0,0.368100762367248,-0.184375748,0.786918759346008,-0.296846151351929,0.164809226989746,0,0.211754858994069,0.142780245022522,0.834405011296602,-0.203835985517553,0.730281880963994,0.0956748700099847,2033,-67,-24,-12,7.61726781362835,-0.0335115129212351,-0.0118754488134121,-0.00593772440670604,1.46935348446683,-1.65494414563509,0.32233814296399,0.161169071481995,0,0,0,0,0,0,4.14226306604758,4.81382069657286,0.202,-6,-4.55813953488372,13.3558333333333,-0.96,0,0,0,1,0,0,1,1,0,0,0,1,0,0,1,0,1,0,0
501,KEN,Kenya,1989,39,26,0,,0,0,0,1,0,0,0,1,0,0,0,0.375078856945038,-0.044639796,0.41152161359787,0.252857089,0.164809226989746,0,0.476024911838575,-0.193163303345333,0.576630245426957,0.173629921443738,0.726660860852884,0.0231641456471009,2190,-41,-41,-41,7.69165682281055,-0.0188989261680366,-0.0188989261680366,-0.0188989261680366,2.53164556962025,1.23456790123457,1.23456790123457,1.23456790123457,0,0,0,0,0,0,3.91523133204175,4.18909108167617,0.18,-7,-5.44186046511628,7.56833333333333,-1.65,0,0,0,1,0,0,1,1,0,0,0,1,0,0,1,0,1,0,0
501,KEN,Kenya,1991-1993,39,28,0,,0,0,0,1,0,0,0,3,1,0,1,0.43548446893692,-0.339090570807457,0.661853492259979,-0.14044314622879,0.164809226989746,-0.164809227,0.324489574937027,-0.103165052596888,0.748526175224803,-0.0384131844847942,0.695315637109051,0.255360755921352,2219,-141,-121,-40.3333333333333,7.70481192293259,-0.0663616756990866,-0.0560721339763512,-0.0186907113254504,1.1014948859166,-4.6806822689409,-9.79162497836216,-3.26387499278739,0,0,0,0,0,0,4.96389858899933,5.78006781686014,0.197,-7,-4.70454545454545,8.09916666666667,4.02,0,0,0,1,0,0,1,1,0,0,0,0,1,0,1,0,1,0,0
501,KEN,Kenya,1999,39,36,0,,0,0,0,1,0,0,0,1,0,0,1,0.254476368427277,0.044214755,0.157613024115562,0.147639319,0.696989595890045,0,0.607206285539911,-0.0861118245831711,0.214910870465784,0.101379809082014,0.532847036719448,-0.0229435867273451,2197,-25,-25,-25,7.69484807238461,-0.0114443913307838,-0.0114443913307838,-0.0114443913307838,0.593723494486853,-0.168634064080944,-0.168634064080944,-0.168634064080944,0,0,0,0,0,0,4.52832385433678,3.2583630555636,0.358,-2,-0.333333333333333,4.97,0.38,0,0,0,1,0,0,1,1,0,0,0,0,1,0,0,0,1,0,0
732,KOR,Korea South,1962-1963,26,1,0,,1,0,0,0,1,0,0,2,0,0,0,1,0,,,,,,,,,,,1527,46,111,55.5,7.33106030521863,0.0296795978396451,0.0701709591943827,0.0350854795971913,1.65582495564755,-0.116346713205352,5.53304175505324,2.76652087752662,0,0,0,0,,,,,0.311,-7,-0.555555555555556,1.955,-0.99,0,0,0,0,1,0,0,0,0,1,0,0,0,0,1,0,1,0,0
732,KOR,Korea South,1966,26,5,0,,0,0,0,0,1,0,0,1,0,0,0,1,0,0.365292906761169,0.01083073,,,0.745420200171982,-0.00754814855483188,,,,,1710,160,160,160,7.44424864949671,0.0894450603519275,0.0894450603519275,0.0894450603519275,3.39248434237996,9.23775870772337,9.23775870772337,9.23775870772337,0,0,0,0,,,,,0.313,3,-1.33333333333333,4.075,-1.04,0,0,0,0,1,0,0,0,0,1,0,0,0,0,1,0,1,0,0
732,KOR,Korea South,1970,26,9,0,,0,0,0,0,1,0,0,1,0,0,0,0.452503651380539,0.437085062,0.642140626907349,-0.00248909,0.164809226989746,0,0.344687182885845,0.167622479961844,0.73328071079098,-0.00416311887488918,,,2458,110,110,110,7.80710329012598,0.0437793746838722,0.0437793746838722,0.0437793746838722,12.5650260104042,6.25666548169214,6.25666548169214,6.25666548169214,0,0,0,0,,,,0.169002687051446,0.325,3,-1.61111111111111,7.18333333333333,1.02,0,0,0,0,1,0,0,0,0,1,0,0,0,0,1,0,1,0,0
732,KOR,Korea South,1975,26,14,0,,0,0,0,0,1,0,0,1,0,0,0,1,0,0.583414375782013,0,0.164809226989746,0,0.593407065250025,0,0.694664218323577,0,0.402381503267001,0,4612,534,534,534,8.43641688138895,0.10955811145274,0.10955811145274,0.10955811145274,6.75224646983312,4.85810485810486,4.85810485810486,4.85810485810486,0,0,0,0,0,0,0.489345086418461,0.784520353582329,0.214,-8,-2,5.82416666666667,0,0,0,0,0,1,0,0,0,0,0,1,0,0,0,1,0,0,1,0
732,KOR,Korea South,1979-1980,26,18,0,,0,0,0,0,1,0,0,2,0,0,0,1,-0.833186879754067,0.337898671627045,0.0560653507709503,0.412804573774338,0,0.764511780566251,-0.355294158061611,0.438762453163712,0.0384985150581763,0.282901327399229,0.432351039996534,6109,-560,-464,-232,8.71751837264977,-0.0945852210549454,-0.0789928960660049,-0.0394964480330025,7.6657060518732,-4.18777440054036,1.48674380074444,0.743371900372219,0,0,0,0,0,0,0.309989310273674,0.358514457991424,0.231,-8,-1.35,7.93083333333333,0,0,0,0,0,1,0,0,0,0,0,1,0,0,0,1,0,0,1,0
703,KGZ,Kyrgyzstan,1997,14,6,0,,0,0,0,0,0,1,0,1,1,0,1,0.131746247410774,0.236183777,0.716825723648071,0.073027909,0.818194,0,0.170899961301892,0.0387447266418872,0.606379939458016,0.0231451007833005,0.415580315245594,0.117526618946487,2831,-481,-481,-481,7.9483852851119,-0.186214677973695,-0.186214677973695,-0.186214677973695,5.58139534883721,8.41009211053264,8.41009211053264,8.41009211053264,4.7395309866,4.3586688047,0.16741543576828,0.185475268285106,0.365300761353756,0.360314660419542,0.602533065296975,1.46977653027801,0.316,-3,5.19565217391304,5.29833333333333,-0.16,1,0,0,0,0,0,1,1,0,0,0,0,1,0,0,0,1,0,0
812,LAO,Laos,1978,35,3,0,,1,0,0,1,0,0,0,1,0,0,0,1,0,,,,,,,,,,,878,2,2,2,6.77764659363512,0.00227531383713497,0.00227531383713497,0.00227531383713497,-3.0176026823135,-0.259291270527226,-0.259291270527226,-0.259291270527226,0,0,0,0,,,,,0.07,-7,-2,5.5375,-2.39,0,0,0,0,1,0,1,1,0,0,1,0,0,0,1,1,0,0,0
812,LAO,Laos,1986,35,11,0,,0,0,0,1,0,0,0,1,0,0,0,1,0,0.570914030075073,0,0,0,0.602118801637325,0,0.744105791986982,0,0.481783942388047,0,1248,27,27,27,7.12929754892937,0.021403908663153,0.021403908663153,0.021403908663153,2.74584929757344,1.9266625233064,1.9266625233064,1.9266625233064,0,0,0,0,0,0,1.5185035045346,2.88278693354739,0.07,-7,-0.9,6.805,1.3,0,0,0,0,1,0,1,1,0,0,0,1,0,0,1,0,1,0,0
812,LAO,Laos,1997,35,22,0,,0,0,0,1,0,0,0,1,0,0,0,0.601626813411713,-0.515473485,0.388282030820847,0.067528516,0.412804573774338,-0.164809197,0.578203240954583,-0.242700650957477,0.473359302838808,0.104395153886437,0.489622131235001,0.346888030624847,1810,73,73,73,7.50108212425987,0.0395394043972814,0.0395394043972814,0.0395394043972814,4.74542758279783,4.57763095799906,4.57763095799906,4.57763095799906,0,0,0,0,0,0,8.52402659684728,7.63934991131202,0.094,-7,2.25,5.46,-0.16,0,0,0,0,1,0,0,1,0,0,0,0,1,0,0,0,1,0,0
570,LSO,Lesotho,1985,16,15,1,1986,0,0,1,1,0,0,0,1,0,0,0,1,0,0.208967879414558,-0.139240883,0.412804573774338,-0.164809197,0.854366181419927,0.0970397057811365,0.350229268635293,-0.0375876344987039,0.282901327399229,0.0794024247627662,1130,82,82,82,7.02997291170639,0.0700542549228738,0.0700542549228738,0.0700542549228738,1.87304890738814,0.612870275791624,0.612870275791624,0.612870275791624,0,0,0,0,0,0,7.05472134762746,6.13232608177127,0.129,-7,-5.34883720930233,8.10083333333333,0,0,0,0,1,0,0,1,1,0,0,0,1,0,0,1,0,1,0,0
620,LBY,Libya,2002,41,33,0,,0,0,0,0,0,1,0,1,0,0,0,0.179438546299934,-0.133586414,0.5,0,0.164809226989746,0,0.340110821204922,-0.0507003239615987,0.637385889410023,0,0.828181052574607,0.0693196526424121,21856,-723,-723,-723,9.99223076237052,-0.0336396836083637,-0.0336396836083637,-0.0336396836083637,-1.66029246344207,-3.30801610541728,-3.30801610541728,-3.30801610541728,3379.4496156936,3186.7086447529,15.4623426779539,15.0793008316514,30.3761856280957,49.8012600918317,30.8568358076929,50.4332278574705,0.072,-7,-4.26315789473684,1.66666666666667,0,0,0,1,0,0,0,0,1,0,0,0,0,0,1,0,0,0,0,1
580,MDG,Madagascar,1984-1987,18,9,0,,0,0,0,0,0,1,0,4,0,1,1,0.222745209932327,-0.154528953135014,0.707579374313355,-0.320130318403244,0.164809226989746,0,0.211880945385571,0.237876384686073,0.779924865049686,-0.219824574610742,0.805708685912073,0.0801869967242159,1137,-98,-64,-16,7.03614849375054,-0.0873996209670187,-0.0579347511198378,-0.0144836877799595,-1.99556541019956,-6.44796380090498,-10.113092827153,-2.52827320678826,0,0,0,0,0,0,2.92999807443297,3.64724109522332,0.212,-6,-4.95348837209302,7.94708333333333,1.14,0,0,0,1,0,0,0,1,0,0,0,1,0,0,1,0,1,0,0
553,MWI,Malawi,1994,30,30,1,1994,0,1,0,0,0,1,0,1,0,0,0,0.35538524389267,-0.302186739,0.52937376499176,-0.256406814,0.164809226989746,0,0.386417076228549,0.0640053948585506,0.657556035824884,-0.176067418622495,0.736880121731061,0.156808459092071,846,171,171,171,6.74051935960622,0.184093036442337,0.184093036442337,0.184093036442337,8.36707152496626,-8.21917808219178,-8.21917808219178,-8.21917808219178,0,0,0,0,0,0,6.98216308598727,13.6924313826225,0.244,-8,-0.478260869565218,3.0225,-1.18,0,0,0,1,0,0,1,1,0,0,0,0,1,0,0,0,1,0,0
820,MYS,Malaysia,1997-1998,53,40,0,,0,0,0,1,0,0,0,2,1,0,1,0.580487728118897,-0.481342755258083,0.535186052322388,-0.176289499,0.655212938785553,-0.121204197406769,0.467799983562227,-0.131979459960696,0.488888271879871,-0.0997166144836165,0.383803007883111,0.308168981543953,11901,-1639,-1190,-595,9.38437770918244,-0.142384812291493,-0.105351179417809,-0.0526755897089046,7.27245122599256,-9.7590687601516,-5.19463595284851,-2.59731797642425,573.0798370381,488.83734403265,4.81539229508529,4.21429422146291,3.63788436298619,2.76437052911833,11.8783977319349,9.61053164480739,0.263,3,2.25,5.40666666666667,0.11,0,0,0,0,1,0,1,1,0,0,0,0,1,0,0,0,0,0,1
435,MRT,Mauritania,1993,27,15,0,,0,0,0,0,0,1,0,1,0,1,1,0.0839254036545754,0.248680018,0.594047069549561,0,0,0.164809227,0.238317274026253,0.0943820339003957,0.759990605981784,-0.058025212948871,0.957146449970088,-0.208445594952072,1732,121,,121,7.45703208912238,0.0675291371629792,0.0675291371629792,0.0675291371629792,-1.28205128205128,4.76190476190476,4.76190476190476,4.76190476190476,0,0,0,0,0,0,7.39904174376544,6.42815434991217,0.201,-6,-1.20454545454545,3.0225,0.5,0,0,0,1,0,0,0,1,0,0,0,0,1,0,0,0,1,0,0
70,MEX,Mexico,1976-1977,85,61,0,,0,0,0,1,0,0,0,2,0,0,0,1,-0.941889618,0.291694045066833,-0.092082381,1,0,0.439235406355399,0.135111326242265,0.200298177608202,-0.0632304068794661,0,0.488758243346418,8504,95,287,143.5,9.04829192002178,0.010865321050133,0.0331918298293949,0.0165959149146975,2.6913553665626,0.578452639190166,2.06707828129102,1.03353914064551,285.7395884255,362.70551862525,3.36006101158866,4.14642106577216,2.5574817537273,3.2757160827545,3.27675563059836,4.01135179731327,0.258,-6,-1.45833333333333,5.29125,0.53,0,1,0,0,0,0,1,1,0,0,1,0,0,0,1,0,0,1,0
70,MEX,Mexico,1982-1987,85,67,0,,0,0,0,1,0,0,0,6,1,1,1,0.781560480594635,-0.739133548,0.59242582321167,0.184315621852875,1,-1,0.504222014689277,-0.390268497471738,0.406802314836932,0.478639431110824,0.113350984858438,0.77398156089621,11812,-952,-2479,-413.166666666667,9.37687124286381,-0.0874914768596238,-0.235559457298066,-0.0392599095496777,6.12365727818659,-5.69999179857295,-12.60464893611,-2.10077482268501,1390.1955997195,957.6713136698,11.769349811374,9.20252981506991,7.64932297212245,8.83167362001336,8.1997843475991,9.62910038543482,0.312,-3,-0.541666666666667,16.3783333333333,7.52,0,1,0,0,0,0,1,1,0,0,0,1,0,0,1,0,0,1,0
70,MEX,Mexico,1989,85,74,0,,0,0,0,1,0,0,0,1,0,1,1,0.563807606697083,0.36170733,0.418305486440659,-0.121133626,0.247995376586914,0,0.542925704589987,0.221699922143112,0.552000776171489,-0.0831790872886637,0.588649412980322,-0.187694434456251,9168,131,131,131,9.12347443895452,0.0141877075236767,0.0141877075236767,0.0141877075236767,-0.689530030847396,2.16517449296547,2.16517449296547,2.16517449296547,430.7339662886,484.3351288829,4.69823261658595,5.2084646616077,4.89268969744813,5.98750851633439,6.46567157358984,7.2850098786279,0.354,0,3.16666666666667,7.56833333333333,-1.65,0,1,0,0,0,0,1,1,0,0,0,1,0,0,1,0,0,1,0
70,MEX,Mexico,1994-1995,85,79,0,,0,0,0,1,0,0,0,2,1,0,1,0.763665914535522,-0.689034298,0.489809453487396,-0.284712329506874,0.696989595890045,0,0.568945816667019,-0.0894169725753963,0.443020907459801,-0.195504027961032,0.268622244941348,0.357548471536735,10050,-1121,-950,-475,9.21532791348722,-0.116170013824135,-0.0992982209822806,-0.0496491104911403,0.108180078222518,-8.0012957563978,-5.35790423520079,-2.67895211760039,404.1531051261,359.4296817445,4.02142393160299,3.73314135579747,2.25961478677533,2.49800699100988,2.47830825159351,2.84432648132248,0.438,0,5.70833333333333,3.0225,-2,0,1,0,0,0,0,1,1,0,0,0,0,1,0,0,0,0,1,0
70,MEX,Mexico,1998-1999,85,83,1,2000,0,1,0,1,0,0,0,1,1,0,1,0.40784415602684,-0.190075636,0.625882387161255,0.192780435,0.696989595890045,0,0.339068160151334,-0.206492264156467,0.536458401634325,0.132376956194817,0.453262583241002,0.0986326127554514,9674,174,717,358.5,9.17719715338293,0.016887047261223,0.0714981724697168,0.0357490862348584,5.31191568927418,2.47972551466001,5.97419730870408,2.98709865435204,417.6364590495,345.57635252385,4.31710211959376,3.35108685685191,2.79707834594093,1.72835590184493,3.16160554699073,1.97589843547852,0.546,6,6.875,5.16166666666667,0.3,0,1,0,0,0,0,1,1,0,0,0,0,1,0,0,0,0,1,0
600,MAR,Morocco,1981-1982,54,25,0,,0,0,0,0,0,0,1,2,1,0,1,0.543180704116821,-0.242290109395981,0.625444829463959,0.142956495,0,0,0.390737658561471,-0.148739479890462,0.781550573345509,0.0981642442384695,0.718833159634333,0.125727352798866,4234,-191,121,60.5,8.35090245169481,-0.0461601820540398,0.0281774375917916,0.0140887187958958,7.08933717579251,-4.52099031216362,3.2016703417259,1.60083517086295,1.574900812,1.99630647985,0.0371965236655645,0.0478094381040346,0.04233535129446,0.0382803410836914,1.95485300590349,2.71543799573663,0.182,-8,-7,13.3558333333333,-0.96,0,0,1,0,0,0,0,0,0,0,0,1,0,0,1,0,0,1,0
600,MAR,Morocco,1985,54,29,0,,0,0,0,0,0,0,1,1,0,0,1,0.3456791639328,-0.055251211,0.655526459217072,-0.138238251,0,0,0.294815018110192,0.0753713471317367,0.802206790779269,-0.0949243574259994,0.82131916652475,0.0286705408909246,4274,150,150,150,8.36030543587909,0.0344941073230771,0.0344941073230771,0.0344941073230771,1.40578534739119,3.49240202612637,3.49240202612637,3.49240202612637,1.4582529267,1.4855191381,0.0341191606621432,0.0335786423621157,0.0463543581079935,0.0537307737260191,2.0270771048719,2.30669367606798,0.183,-8,-7.15,8.10083333333333,0,0,0,1,0,0,0,0,0,0,0,0,1,0,0,1,0,0,1,0
541,MOZ,Mozambique,1987,35,12,0,,0,0,0,1,0,0,0,1,1,1,1,0.469364434480667,-0.449596925,,,0,0,,,,,0.941726548328695,-0.142128631059876,470,-31,-31,-31,6.1527326947041,-0.0682332816289328,-0.0682332816289328,-0.0682332816289328,0.714285714285714,5.67375886524823,5.67375886524823,5.67375886524823,0,0,0,0,0,0,4.87024001479627,10.7255428068083,0.086,-7,-5.30232558139535,6.6575,0.15,0,0,0,1,0,0,1,1,1,0,0,1,0,0,1,1,0,0,0
775,MMR,Myanmar,1975,26,13,0,,0,0,0,0,1,1,0,1,0,0,0,1,-0.883209445,0.5,-0.101872027,0.164809226989746,0,0.316333901573591,0.266666278929418,0.637385889410023,-0.0699526839388113,0.402381503267001,0.458308371361659,840,23,23,23,6.73340189183736,0.0270127992460685,0.0270127992460685,0.0270127992460685,3.382949932341,2.22513089005236,2.22513089005236,2.22513089005236,13.6853034634,13.3789908558,1.6292027932619,1.55028862755504,,,,,0.075,-6,-2,5.82416666666667,0,0,0,0,0,1,0,0,0,1,0,1,0,0,0,1,1,0,0,0
775,MMR,Myanmar,1990,22,2,0,,1,0,0,0,1,0,0,1,0,0,0,0.297281980514526,0.139160335,0.573105573654175,0,0.164809226989746,0,0.333887470086928,0.0528158055203357,0.687585450983447,0,0.767030628129036,-0.072212029561624,992,7,7,7,6.89972310728487,0.00703167136368155,0.00703167136368155,0.00703167136368155,2.24215246636771,1.42543859649123,1.42543859649123,1.42543859649123,9.372774175,9.2981838944,0.944836106350807,0.930749138578578,,,,,0.092,-6,0.3,8.09916666666667,1.12,0,0,0,0,1,0,0,0,0,0,0,1,0,0,1,1,0,0,0
775,MMR,Myanmar,1996,22,8,0,,0,0,0,0,1,0,0,1,0,0,1,0.334574788808823,0.155986011,0.566811740398407,0,0.164809226989746,-0.164809227,0.352427581592155,0.0592016886031337,0.683263650958317,0.0580252129488711,0.747678925837241,-0.00154064307547086,1331,-17,-17,-17,7.19368581839511,-0.0128546193505565,-0.0128546193505565,-0.0128546193505565,5.0185873605948,4.69026548672566,4.69026548672566,4.69026548672566,5.8239488501,5.5250208943,0.437561897077385,0.420473431834094,,,,,0.096,-7,2.15,5.83666666666667,0.54,0,0,0,0,1,0,0,0,0,0,0,0,1,0,0,0,1,0,0
775,MMR,Myanmar,2001,22,13,0,,0,0,0,0,1,0,0,1,0,1,1,0.273841470479965,0.182920307,0.738191545009613,-0.089762449,0,0,0.209939390388316,0.131981330325344,0.858970603123391,-0.0616373741918995,0.85859663959832,-0.0949196235028621,1427,44,44,44,7.26332961747684,0.0303681031246015,0.0303681031246015,0.0303681031246015,12.1168923734854,9.85378258105531,9.85378258105531,9.85378258105531,27.3029763533,31.0076261983,1.91331298901892,2.10792836154317,1.00637721469126,1.11740333200403,6.90047400504323,12.0289064836117,0.096,-7,2.7,3.8875,0,0,0,0,0,1,0,0,0,0,0,0,0,0,1,0,0,1,0,0
790,NPL,Nepal,1984,40,33,0,,0,0,0,0,0,0,1,1,0,0,0,0.481208086013794,0.056059182,0.5,0,0.164809226989746,0,0.454642029499049,0.0212762554532458,0.637385889410023,0,0.671589083227857,-0.0290898069737653,857,36,36,36,6.75343791859778,0.0411486622787187,0.0411486622787187,0.0411486622787187,-5.27272727272727,7.10172744721689,7.10172744721689,7.10172744721689,0,0,0,0,0,0,2.71558081810851,1.86502190722997,0.119,-2,-2.42857142857143,9.08666666666667,-1.14,0,0,0,0,0,1,0,0,0,0,0,1,0,0,1,1,0,0,0
93,NIC,Nicaragua,1979,43,43,1,1979,0,0,1,0,0,1,0,1,0,1,1,1,0,,,0.242408350110054,-0.060602084,,,,,0.364995491804243,0.0291971108511659,3796,-1421,-1421,-1421,8.24170315972982,-0.468950443261076,-0.468950443261076,-0.468950443261076,-9.07657953500591,-28.6477896561687,-28.6477896561687,-28.6477896561687,0,0,0,0,0,0,2.9560425223928,5.46820298290304,0.174,-8,-1.45833333333333,7.93083333333333,3.26,0,1,0,0,0,0,1,1,1,0,1,0,0,0,1,0,1,0,0
93,NIC,Nicaragua,1985-1986,11,6,0,,0,0,0,1,0,0,0,2,0,1,1,1,0,,,0,0,,,,,0.481783942388047,0,3032,-141,-80,-40,8.01697774676226,-0.0466585869647069,-0.0267395610418983,-0.0133697805209492,-3.78985361941047,-6.06502709462276,-9.14911850797976,-4.57455925398988,0,0,0,0,0,0,1.09149036950124,0.876974023003551,0.193,-1,1.08333333333333,7.45291666666667,2.77,0,1,0,0,0,0,1,1,1,0,0,1,0,0,1,0,1,0,0
93,NIC,Nicaragua,1988-1990,11,9,1,1990,0,1,0,1,0,0,0,3,1,1,1,1,-0.993108694,,,0,0.164809227,,,,,0.481783942388047,0.515336459688578,3049,-715,-926,-308.666666666667,8.02256894698825,-0.267230134141753,-0.361983485284998,-0.120661161761666,-2.93040293040293,-14.5283018867925,-22.9852428058018,-7.66174760193394,0,0,0,0,0,0,0.744970270121151,3.52669854615249,0.385,-1,2.70833333333333,6.6575,-1.64,0,1,0,0,0,0,1,1,1,0,0,1,0,0,1,0,1,0,0
475,NGA,Nigeria,1973,13,7,0,,0,0,0,0,1,0,0,1,0,0,0,1,0,0.5,0,0.164809226989746,0,0.651540181706206,0,0.637385889410023,0,0.402381503267001,0,5080,630,630,630,8.53306654057253,0.116907762077529,0.116907762077529,0.116907762077529,0.775694893341952,5.42014111610006,5.42014111610006,5.42014111610006,211.7658811988,281.6943736725,4.1686197086378,4.93335155293345,0,1.64111606389863,1.7459894323986,3.94597762689785,0.177,-7,-5.26315789473684,4.43416666666667,0,0,0,0,1,0,0,0,0,0,0,1,0,0,0,1,0,0,1,0
475,NGA,Nigeria,1985-1990,10,2,0,,1,0,0,0,1,0,0,6,0,0,0,0.500998973846436,-0.463734839111567,0.5,0.217423558235168,0.164809226989746,-0.164809226989746,0.462153305484145,-0.239516657624357,0.637385889410023,0.207323915545345,0.661319345255719,0.286509112812815,4695,-406,-578,-96.3333333333333,8.45425339164236,-0.0917328210768282,-0.131373369872458,-0.0218955616454097,-6.26876876876877,-3.26996197718631,15.4678267862237,2.57797113103728,495.17170379,287.05567676535,10.5467881531416,6.44641945036959,8.9473996323422,12.2496051988734,10.2435602252684,14.530950254897,0.191,-7,-5.34883720930233,10.225,2.48,0,0,0,1,0,0,0,0,0,0,0,1,0,0,1,0,0,1,0
475,NGA,Nigeria,1993,10,10,1,1993,0,0,1,0,1,0,0,1,1,1,0,0.0584228225052357,0.066096675,0.788001656532288,-0.014410734,0,0,0.0934674671640091,0.0351289292343851,0.893173819586611,-0.00989544984682467,0.970380056679989,-0.034298386976602,3625,-187,-187,-187,8.19560956728878,-0.0529643813459799,-0.0529643813459799,-0.0529643813459799,-0.391598433606266,-0.964974982130093,-0.964974982130093,-0.964974982130093,246.511461831,207.9025257434,6.80031618844138,6.04719388433392,17.1026101436705,26.4301704314109,20.5224662184848,31.8122573207042,0.231,-5,-1.20454545454545,3.0225,0.5,0,0,0,1,0,0,0,0,0,0,0,0,1,0,0,0,1,0,0
475,NGA,Nigeria,1997,6,4,0,,0,0,0,0,1,1,0,1,0,0,0,1,0,0.491098433732986,0.160239905,0,0.060602106,0.657743858034074,-0.111674336442324,0.689298644695478,0.0886957923343733,0.481783942388047,-0.0291971216198763,3010,-97,-97,-97,8.00969535774292,-0.0327566007834879,-0.0327566007834879,-0.0327566007834879,1.52303120356612,0.402488108305891,0.402488108305891,0.402488108305891,230.5680318219,219.6771868326,7.66006750238871,7.5412697161895,17.6387577979386,13.8916756166411,22.2102603617573,17.9631424248945,0.193,-6,0.0444444444444444,5.29833333333333,-0.16,0,0,0,1,0,0,0,0,0,0,0,0,1,0,0,0,1,0,0
475,NGA,Nigeria,1999,6,6,1,1999,0,1,0,0,1,1,0,1,0,0,0,1,-0.97502993,0.621647953987122,0.110492527,0.225411295890808,0.060602099,0.566761333821877,-0.447059508336529,0.699581676732391,0.0545356561086118,0.373184399594975,0.476758046064346,2814,-146,-146,-146,7.94236223767433,-0.0532778306388204,-0.0532778306388204,-0.0532778306388204,0.0728862973760933,-1.85724690458849,-1.85724690458849,-1.85724690458849,132.5825120991,166.8464884568,4.71153205753731,6.25361650887556,5.16436462661539,9.89475116204305,9.32379297977062,12.7347521380767,0.226,-1,-0.333333333333333,4.97,0.38,0,0,0,1,0,0,1,0,0,0,0,0,1,0,0,0,1,0,0
150,PRY,Paraguay,1984-1986,39,30,0,,0,0,0,1,1,1,0,3,0,0,0,1,-0.928744122,,,0.121204182505608,0,,,,,0.423389713506575,0.48193688230277,3545,-118,-110,-36.6666666666667,8.17329343896623,-0.0337753913645766,-0.0315212343097784,-0.0105070781032595,-5.6478999106345,-2.82612764364589,-1.61571087333723,-0.538570291112409,0,0,0,0,0,0,2.10422574976005,2.46827085146537,0.165,-8,0.833333333333333,8.37694444444445,0.71,0,1,0,0,0,0,0,1,0,0,0,1,0,0,1,0,1,0,0
150,PRY,Paraguay,1989,39,35,0,,0,0,0,1,1,1,0,1,0,1,1,1,-0.945217516,,,0,0.164809227,,,,,0.481783942388047,0.411082692263059,3640,13,13,13,8.19973896063079,0.00356506616449614,0.00356506616449614,0.00356506616449614,3.30672748004561,2.75938189845475,2.75938189845475,2.75938189845475,0,0,0,0,0,0,2.80975350844632,3.11665484832821,0.172,-8,3.16666666666667,7.56833333333333,-1.65,0,1,0,0,0,0,1,1,0,0,0,1,0,0,1,0,1,0,0
150,PRY,Paraguay,1992-1993,39,38,1,1993,0,1,0,1,1,1,0,2,0,1,1,0.346308082342148,0.178715616,0.555498480796814,0.217230677604675,0.164809226989746,0.247995347,0.364765175164815,-0.103189515012698,0.675495150643239,0.0618532885643531,0.741590373814895,-0.212217933170078,4003,-36,53,26.5,8.29479935899257,-0.00903393847824319,0.013153186278446,0.00657659313922299,-0.411154808723633,-1.04110572608149,0.264898264486255,0.132449132243128,0,0,0,0,0,0,2.37235297946034,2.61615926762029,0.424,2,5.33333333333333,3.27208333333333,2.42,0,1,0,0,0,0,1,1,0,0,0,0,1,0,0,0,1,0,0
135,PER,Peru,1976-1980,12,8,1,1980,0,1,0,0,1,0,0,5,0,1,1,1,-0.912875891,0.478294044733048,-0.280968800187111,0,0.429801642894745,0.666667488162637,-0.282942366558278,0.680506227347753,-0.301582914897604,0.481783942388047,0.473702659434774,3979,-170,-79,-15.8,8.28878581042693,-0.0448032770158378,-0.0200539783091909,-0.00401079566183817,5.02736963411121,-2.65388356259553,-1.32913566943398,-0.265827133886796,101.8867244449,271.58232060748,2.56061132055542,7.23883634538612,1.24957764365009,5.13146391872719,2.93943509553367,8.36107356846414,0.1,-7,-1.45833333333333,5.82416666666667,-2.79,0,1,0,0,0,0,0,0,0,0,1,0,0,0,1,0,1,0,0
135,PER,Peru,1993,8,1,0,,1,0,0,0,0,1,0,1,0,1,1,0.191017031669617,0.156279504,0.434836447238922,0.089648545,0.696989595890045,0.060602069,0.389918986858641,-0.00316475255225823,0.405272474965436,0.0402226841498898,0.565776876244481,-0.110292483178999,3460,152,152,152,8.14902386805177,0.0429930464851047,0.0429930464851047,0.0429930464851047,-2.60149783208514,3.07567786321327,3.07567786321327,3.07567786321327,66.0934458959,60.4588464166,1.91021519930347,1.67383295727021,1.28440450285017,1.38096616412634,2.46734404796545,1.92478922551722,0.27,-3,5.58333333333333,3.0225,0.5,0,1,0,0,0,0,1,1,0,0,0,0,1,0,0,0,1,0,0
135,PER,Peru,1998,8,6,0,,0,0,0,0,0,1,0,1,0,1,1,0.535590529441834,-0.00453037,0.53164803981781,0.020898759,1,0,0.453225768654587,-0.016284176428398,0.365067903529128,0.0143505960642398,0.240987853336492,0.00235086549063435,4927,-169,-169,-169,8.50248556254396,-0.0349028716810604,-0.0349028716810604,-0.0349028716810604,4.73798761091579,-1.93414322250639,-1.93414322250639,-1.93414322250639,50.266964398,33.1410808591,1.02023471479602,0.696533855802858,0.892208956197971,0.470007533471256,1.93414581709413,0.846701688484241,0.409,1,6.875,5.35333333333333,0.11,0,1,0,0,0,0,1,1,0,0,0,0,1,0,0,0,0,1,0
840,PHL,Philippines,1983-1984,14,11,0,,0,0,0,0,0,1,0,2,1,1,1,0.594753682613373,-0.479090318083763,0.436458617448807,-0.184883683919907,0.164809226989746,0,0.542019458373189,-0.0866627371383811,0.593753791522,-0.126954477079446,0.612668860202567,0.248605927804487,3213,-286,-326,-163,8.07496035911586,-0.0944596119202599,-0.106987179452923,-0.0534935897264615,1.02472711071508,-9.58083832335329,-10.1541569562089,-5.07707847810443,5.7164959536,5.72365162875,0.177917707861811,0.187908746922618,0.127196998692188,0.271290740835889,2.32186636573026,2.49223887128612,0.189,-7,-1.05,9.65583333333333,2.6,0,0,0,0,1,0,1,1,1,0,0,1,0,0,1,0,1,0,0
360,ROU,Romania,1973,44,28,0,,0,0,0,1,0,1,0,1,0,0,0,1,0,,,,,,,,,,,4273,501,501,501,8.36007143564403,0.11086837125475,0.11086837125475,0.11086837125475,11.7245473434253,11.6498405951116,11.6498405951116,11.6498405951116,247.123490486,272.4350147381,5.783372115282,5.70664044277545,,,,,0.199,-7,1.89285714285714,4.43416666666667,-4.29,1,0,0,0,0,0,1,1,0,0,1,0,0,0,1,0,0,1,0
360,ROU,Romania,1983,44,38,0,,0,0,0,1,0,1,0,1,0,1,1,1,-0.754401833,,,0,0,,,,,0.481783942388047,0.391468498748869,6247,187,187,187,8.73985662749357,0.0294950803054022,0.0294950803054022,0.0294950803054022,3.47006129184347,5.72313861295908,5.72313861295908,5.72313861295908,919.6887378312,798.0761840312,14.7220864067745,12.4040438923096,,,,,0.189,-8,3.71428571428571,9.08666666666667,3.17,1,0,0,0,0,0,1,1,0,0,0,1,0,0,1,0,0,1,0
365,RUS,Russia,1995-1996,17,2,0,,1,0,0,0,0,1,0,2,0,0,0,0.139868631958961,0.483088002,0.599931120872498,0.038573563,0.412804573774338,0,0.255448810545064,0.1564647000154,0.645180230519599,-0.0644898694420717,0.478553822129906,-0.0737237752243363,11938,-2592,-3397,-1698.5,9.3874818687286,-0.26503557378256,-0.334848492782449,-0.167424246391224,-12.689701897019,-4.0195545898968,-7.48790287997683,-3.74395143998842,831.7896442752,899.0405776403,6.9675795298643,9.32421678413793,3.54217824100687,4.96397298655169,6.28709425543772,8.02616634374066,0.466,3,5.91304347826087,4.20166666666667,-1.37,1,0,0,0,0,0,1,1,1,0,0,0,1,0,0,0,0,1,0
365,RUS,Russia,1998-1999,17,5,0,,0,0,0,0,0,1,0,2,1,1,1,0.765030264854431,-0.718579385,0.544588148593903,0.111448884010315,0.412804573774338,-0.412804573774338,0.53128728303719,-0.308221063981203,0.580690361077528,0.22186702622817,0.40483004690557,0.458015143293676,8320,-704,-899,-449.5,9.02641753381525,-0.0884109573440526,-0.11434843584512,-0.0571742179225598,1.59128978224456,-5.09480626545754,1.5851798360018,0.792589918000902,879.2574607678,693.60736651425,10.5679983265361,9.23431343165691,4.42701134693854,4.74612272596882,7.38101583588931,7.23011006627335,0.484,3,5.32608695652174,5.46,-0.3,1,0,0,0,0,0,1,1,0,0,0,0,1,0,0,0,0,1,0
365,RUS,Russia,2008,17,15,0,,0,0,0,0,0,1,0,1,1,0,1,0.475249379873276,-0.218647897,0.7036172747612,0.004989326,0.412804573774338,0,0.31047563248653,-0.0864610412213281,0.689891233349829,0.00342603122085494,0.555200954125928,0.113459114711679,17799,2223,2223,2223,9.78689755492675,0.117689393052675,0.117689393052675,0.117689393052675,8.65537059056679,5.28931649263599,5.28931649263599,5.28931649263599,3368.8647476548,4263.0349380261,18.9272697772616,21.2917537609934,10.5731465422177,11.5774040726248,17.001454932204,19.2720538776649,0.321,4,6.70212765957447,1.9275,0,1,0,0,0,0,0,1,1,0,0,0,0,0,1,0,0,0,0,1
517,RWA,Rwanda,1991,21,18,0,,0,0,0,0,1,1,0,1,0,0,0,0.0621318034827709,0.24563979,0.650230705738068,-0.142892718,0.164809226989746,0,0.19089042523168,0.192812911277156,0.740545131393296,-0.0981204503693039,0.889052981175518,-0.127465543669289,973,-143,-143,-143,6.88038408218601,-0.158958381395362,-0.158958381395362,-0.158958381395362,-5.19031141868512,-5.83941605839416,-5.83941605839416,-5.83941605839416,0.0244485619,0.0287977895,0.0025126990647482,0.00346961319277108,0,0,4.72572678527983,6.31636588279242,0.217,-7,-4.70454545454545,5.6875,0,0,0,0,1,0,0,0,0,0,0,0,0,1,0,1,1,0,0,0
433,SEN,Senegal,1994,40,34,0,,0,0,0,1,0,0,0,1,0,1,1,1,0,0.401865392923355,0.098134607,0.412804573774338,0,0.719932116406727,-0.0683919347005212,0.48268661932311,0.0673863018123846,0.282901327399229,0,1797,-77,-77,-77,7.49387388678356,-0.0437943169760606,-0.0437943169760606,-0.0437943169760606,-1.26291618828932,-2.55813953488372,-2.55813953488372,-2.55813953488372,0.0126767841,0.0111884027,0.000705441519198664,0.000650488529069767,0.000396671645055909,0.000700772066679235,1.75699601076552,2.93334279980672,0.656,-1,-0.478260869565218,3.0225,-1.18,0,0,0,1,0,0,1,1,0,0,0,0,1,0,0,0,1,0,0
451,SLE,Sierra Leone,1983,24,15,0,,0,0,0,1,0,0,0,1,0,1,1,0.360532701015472,-0.311385825,0.341442316770554,0,0,0.164809227,0.519343817716542,-0.118180896747841,0.586533956823202,-0.058025212948872,0.813611481296657,0.0821795404681653,1692,-81,-81,-81,7.43366654016617,-0.0490561569891943,-0.0490561569891943,-0.0490561569891943,-0.305623471882641,-2.20723482526058,-2.20723482526058,-2.20723482526058,0,0,0,0,0,0,10.5386640855467,10.2812536441303,0.179,-7,-4.86046511627907,9.08666666666667,3.17,0,0,0,1,0,0,1,1,0,0,0,1,0,0,1,0,1,0,0
451,SLE,Sierra Leone,1989-1991,24,21,1,1992,0,0,1,1,0,0,0,3,0,1,1,0.102184623479843,-0.0506406575441361,0.702903509140015,-0.174655377864838,0.412804573774338,0,0.169383042611981,0.139539530551539,0.689401110374813,-0.119930984150819,0.748788898598079,0.0262780673668048,1562,-56,17,5.66666666666667,7.35372233039963,-0.034851069075712,0.0108246838560104,0.00360822795200348,0.060790273556231,-10.2657004830918,-9.65465785047624,-3.21821928349208,0,0,0,0,0,0,10.0048910499955,15.9734602430934,0.199,-7,-5.44186046511628,7.56833333333333,-0.1,0,0,0,1,0,0,0,1,0,0,0,1,1,0,1,0,1,0,0
451,SLE,Sierra Leone,1997,1,1,1,1997,1,0,1,0,1,1,0,1,0,1,1,0.382821500301361,-0.282448,0.708022952079773,0.029133,0.164809226989746,0,0.272325887985493,-0.127501098246282,0.780229457549064,0.0200048347909706,0.722643106866629,0.146565314769659,1491,-269,-269,-269,7.30720231476474,-0.198958175033197,-0.198958175033197,-0.198958175033197,-23.4073013600573,-16.5420560747664,-16.5420560747664,-16.5420560747664,0,0,0,0,0,0,14.6071852462366,16.2227001296848,0.235,4,0.0444444444444444,5.29833333333333,-0.16,0,0,0,1,0,0,1,1,1,0,0,0,1,0,0,0,1,0,0
451,SLE,Sierra Leone,1998,1,1,1,1998,1,1,0,0,0,1,0,1,0,1,1,0.100374400615692,0.041956827,0.737155973911285,-0.054305196,0.164809226989746,0,0.14482478973921,0.0537703173871669,0.800234292340035,-0.0372898656624584,0.869208421636287,-0.0217719196598405,1222,-125,-125,-125,7.10824413973154,-0.107909679456311,-0.107909679456311,-0.107909679456311,-16.5420560747664,-0.335946248600224,-0.335946248600224,-0.335946248600224,0,0,0,0,0,0,16.2227001296848,21.6561422908308,0.296,0,-0.222222222222222,5.35333333333333,0.11,0,0,0,1,0,0,1,1,1,0,0,0,1,0,0,0,1,0,0
560,ZAF,South Africa,1967,84,57,0,,0,0,0,0,0,0,0,1,0,0,0,1,0,0.330110907554626,0.195267022,,,0.769939226273431,-0.136085421770066,,,,,6875,316,316,316,8.83564692253477,0.0449386005677219,0.0449386005677219,0.0449386005677219,1.56305506216696,4.02238544945785,4.02238544945785,4.02238544945785,0,0,0,0,,,,,0.171,4,-3.52941176470588,5.11166666666667,0.89,0,0,0,1,0,0,1,1,0,1,0,0,0,0,1,0,0,1,0
560,ZAF,South Africa,1981,84,71,0,,0,0,0,0,0,0,0,1,0,0,0,0.591706097126007,-0.292696685,0.730096340179443,-0.184725761,0,0,0.336220907029558,0.0176512414072347,0.853411851402982,-0.126846036092195,0.693652729356849,0.151883951925929,8871,170,170,170,9.09054280852059,0.0189822582167807,0.0189822582167807,0.0189822582167807,3.74501992031872,2.06413210445468,2.06413210445468,2.06413210445468,0,0,0,0,0,0,14.5644200694324,11.4218321456055,0.165,4,-4.55813953488372,13.3558333333333,0,0,0,0,1,0,0,1,1,1,0,0,1,0,0,1,0,0,1,0
560,ZAF,South Africa,1984-1985,84,74,0,,0,0,0,0,0,0,0,2,0,1,1,0.324135780334473,-0.219813846051693,0.278951644897461,-0.039813295,0.164809226989746,-0.164809227,0.549080996579917,-0.0692781591477489,0.485598139748611,0.0440850104604563,0.753095857236532,0.193466579178244,8546,-485,-446,-223,9.05321861620397,-0.0581524326710454,-0.0535992755434407,-0.0267996377717203,-4.88446914302428,-4.28916633105115,-2.48514829087075,-1.24257414543537,0,0,0,0,0,0,9.62876161537461,7.29081229455438,0.181,4,-4.95348837209302,9.16291666666667,-0.08,0,0,0,1,0,0,1,1,0,0,0,1,0,0,1,0,0,1,0
560,ZAF,South Africa,1988,84,78,0,,0,0,0,0,0,0,0,1,0,1,1,0.306696802377701,-0.085214451,0.326882272958755,0.246195525,0,0,0.509058549852378,-0.203920109968693,0.576535980207908,0.169055610880456,0.841547599028202,0.044218839000648,8003,109,109,109,8.98757175036705,0.0135279754639193,0.0135279754639193,0.0135279754639193,-0.366339834069605,1.70866226884395,1.70866226884395,1.70866226884395,0,0,0,0,0,0,6.18645242001497,5.92306225183111,0.183,4,-5.44186046511628,6.6575,-0.91,0,0,0,1,0,0,1,1,1,0,0,1,0,0,1,0,0,1,0
230,ESP,Spain,1967,37,28,0,,0,0,0,0,0,1,0,1,0,0,0,1,-0.818251774,0.563937246799469,0,,,0.606981058902309,-0.310552762950349,,,,,7797,347,347,347,8.9614943233096,0.0435424154807045,0.0435424154807045,0.0435424154807045,6.2200956937799,4.23637923637924,4.23637923637924,4.23637923637924,0.0831543696,0.2398912475,0.00106649185071181,0.00294561944376228,,,,,0.078,-7,2.28571428571429,5.11166666666667,0.89,1,0,0,0,0,0,0,1,0,1,0,0,0,0,1,0,0,1,0
780,LKA,Sri Lanka,1980,16,2,0,,1,0,0,1,0,0,0,1,0,0,1,0.666924715042114,-0.280824006,0.427135497331619,-0.054353952,0.412804573774338,-0.247995347,0.575908142850716,-0.0687013702954803,0.500038896294635,0.0499896228130254,0.45573823751859,0.265203246920726,2055,75,75,75,7.62803112693034,0.0358461317731358,0.0358461317731358,0.0358461317731358,4.4806517311609,3.62573099415205,3.62573099415205,3.62573099415205,0,0,0,0,0,0,0.824141817639425,0.836145958539172,0.573,6,-2.42857142857143,11.1941666666667,2.16,0,0,0,0,0,1,1,1,0,0,1,0,0,0,1,0,1,0,0
780,LKA,Sri Lanka,1983,16,5,0,,0,0,0,1,0,0,0,1,0,1,1,0.702813804149628,-0.39879176,0.455096423625946,0.104893744,0.164809226989746,0,0.570042683375712,-0.224456759273477,0.60655185399544,0.0720276129026057,0.556595118448325,0.206938006894806,2239,33,33,33,7.71378461659876,0.0146311632422869,0.0146311632422869,0.0146311632422869,3.31054336092119,3.76175548589342,3.76175548589342,3.76175548589342,0,0,0,0,0,0,0.930364824158941,0.618973972292485,0.368,5,-2.28571428571429,9.08666666666667,3.17,0,0,0,0,0,1,1,1,0,0,0,1,0,0,1,0,1,0,0
780,LKA,Sri Lanka,1989,16,11,0,,0,0,0,1,0,0,0,1,1,0,1,0.528049767017365,-0.243682295,0.493206441402435,0.052286804,0.164809226989746,0,0.477154512524037,-0.128924938229541,0.632720941909107,0.0359038920254655,0.647282352062026,0.126449775276596,2910,66,66,66,7.97590836016554,0.0224270357874445,0.0224270357874445,0.0224270357874445,1.16136919315403,1.23867069486405,1.23867069486405,1.23867069486405,0,0,0,0,0,0,0.462214619087112,0.4490543928676,0.519,5,-0.428571428571429,7.56833333333333,-1.65,0,0,0,0,0,1,1,1,0,0,0,1,0,0,1,0,1,0,0
625,SDN,Sudan,1981,16,12,0,,0,0,0,0,0,1,0,1,0,1,1,1,0,0.620634734630585,0,0,0,0.567467466287619,0,0.778247615175668,0,0.481783942388047,0,1901,-49,-49,-49,7.55013534248843,-0.0261139272823039,-0.0261139272823039,-0.0261139272823039,-2.63157894736842,-1.23683005038937,-1.23683005038937,-1.23683005038937,0,0,0,0,0,0,0.00139403496149412,0.000609533826555431,0.181,-7,-4.55813953488372,13.3558333333333,0,0,0,0,1,0,0,0,1,0,0,0,1,0,0,1,0,1,0,0
625,SDN,Sudan,1994,21,5,0,,0,0,0,0,0,1,0,1,0,0,0,0.118986986577511,-0.057418801,,,0.164809226989746,-0.164809227,,,,,0.938952558288632,0.0297953302957281,1500,-28,-28,-28,7.3132203870903,-0.0188430878014803,-0.0188430878014803,-0.0188430878014803,1.05652403592182,-0.993204391008887,-0.993204391008887,-0.993204391008887,0.3567761315,0.6363877459,0.0237850754333333,0.0432328631725544,0.0122759242197168,0.00229214828544093,0.0122759242197168,0.00229214828544093,0.093,-7,-0.478260869565218,4.20166666666667,1.18,0,0,0,1,0,0,0,1,0,0,0,0,1,0,0,0,1,0,0
572,SWZ,Swaziland,1985-1986,42,17,0,,0,0,0,0,0,0,1,2,0,0,0,1,0,0.0703834965825081,0.222724013030529,0.412804573774338,0,0.950948359139955,-0.155220738220566,0.255067232263048,0.152938377296592,0.282901327399229,0,3188,-11,903,451.5,8.06714903991011,-0.00345640564058947,0.249395678019292,0.124697839009646,-1.0211027910143,-1.65061898211829,12.5218751903759,6.26093759518794,0,0,0,0,0,0,10.7555178139125,14.6780821574798,0.14,-10,-5.34883720930233,7.45291666666667,2.77,0,0,0,1,0,0,0,0,0,0,0,1,0,0,1,0,1,0,0
652,SYR,Syria,1988,47,25,0,,0,0,0,1,1,1,0,1,0,0,0,1,0,,,0,0,,,,,0.481783942388047,0,4439,386,386,386,8.39818440483404,0.0833816089390513,0.0833816089390513,0.0833816089390513,-1.59027128157156,9.4819391634981,9.4819391634981,9.4819391634981,314.2373327493,274.7232607354,7.0790117762852,5.69374633648497,11.7114753385169,11.8992245133018,11.763248577885,12.0030348159599,0.154,-9,-7.05,6.6575,-0.91,0,0,1,0,0,0,0,1,0,0,0,1,0,0,1,0,0,1,0
713,TWN,Taiwan,1998,51,49,0,,0,0,0,1,0,0,0,1,1,0,1,0.292966037988663,-0.046358392,0.260876566171646,-0.073346481,,,0.549847958052738,0.033522107853272,,,,,27312,1585,1585,1585,10.2150814450342,0.0564116174496885,0.0564116174496885,0.0564116174496885,5.04969617033304,3.32720505806915,3.32720505806915,3.32720505806915,5.0789220397,4.3774704929,0.0185959359977299,0.0151485292345226,,,,,0.658,9,1.9,5.46,0.11,0,0,0,0,1,0,1,1,0,0,0,0,1,0,0,0,0,0,1
702,TJK,Tajikistan,1999,19,8,0,,0,0,0,0,0,1,0,1,0,0,0,0.198514029383659,-0.00845252,0.556903958320618,-0.095833302,0.164809226989746,0,0.30769309221475,0.0635801076322933,0.676460252918889,-0.0658060593903471,0.818282547029105,0.00438611769324593,1408,-157,-157,-157,7.24992553671799,-0.118227026251076,-0.118227026251076,-0.118227026251076,2.69905533063428,2.36530880420499,2.36530880420499,2.36530880420499,0.948621643,1.180556476,0.0673736962357954,0.0943690228617106,0.0332957675295086,0.114972213893203,0.133535481656634,0.142971164306362,0.204,-1,5.67391304347826,4.97,0.38,1,0,0,0,0,0,1,1,0,0,0,0,1,0,0,0,1,0,0
510,TZA,Tanzania,1985,46,21,0,,0,0,0,1,0,0,0,1,0,1,1,0.10154078155756,0.277284525,0.499161571264267,0.131682545,0.164809226989746,0,0.311130441277339,0.0134662095269549,0.636810163745884,0.0904227364997625,0.868603172051226,-0.143886390696463,2016,135,135,135,7.60887062919126,0.0648175000764706,0.0648175000764706,0.0648175000764706,-0.460526315789474,-3.172504957039,-3.172504957039,-3.172504957039,0,0,0,0,,,,,0.242,-6,-5.34883720930233,8.10083333333333,0,0,0,0,1,0,0,1,1,0,0,0,1,0,0,1,0,1,0,0
510,TZA,Tanzania,1990,46,26,0,,0,0,0,1,0,0,0,1,0,1,1,0.143590018153191,0.561912015,0.456832498311996,0.168501168,0.164809226989746,0,0.239157662752861,0,0.723449028091969,0,0.846783299925363,-0.29158313700078,1329,-41,-41,-41,7.19218205871325,-0.0313361520489464,-0.0313361520489464,-0.0313361520489464,0.33178500331785,0.595238095238095,0.595238095238095,0.595238095238095,0,0,0,0,0,0,8.87373613253253,11.4997227466926,0.254,-6,-5.72093023255814,8.09916666666667,1.12,0,0,0,1,0,0,1,1,0,0,0,1,0,0,1,0,1,0,0
800,THA,Thailand,1984,12,8,0,,0,0,0,0,1,1,0,1,0,0,1,1,0,0.250476479530334,0.014997363,0.412804573774338,0,0.825438022911981,-0.0104519568348139,0.37873206839712,0.0102982715854573,0.282901327399229,0,3669,125,125,125,8.20767442435528,0.0335017261396775,0.0335017261396775,0.0335017261396775,3.73465656829459,3.97784491440081,3.97784491440081,3.97784491440081,15.0110454039,22.79052179,0.409131790784955,0.600699045598313,0.116456645950696,0.244423567723888,1.21267393092338,1.129031473769,0.322,2,-1,9.08666666666667,-1.14,0,0,0,0,1,0,1,0,0,0,0,1,0,0,1,0,1,0,0
461,TGO,Togo,1994,47,31,0,,0,0,0,0,0,1,0,1,1,1,1,1,0,0.401865392923355,0.098134607,0.164809226989746,0,0.719932116406727,-0.0683919347005212,0.569999587597639,0.0673863018123846,0.402381503267001,0,1069,126,126,126,6.97447891102505,0.111422553340566,0.111422553340566,0.111422553340566,-15.9298245614035,13.1051752921536,13.1051752921536,13.1051752921536,0,0,0,0,0,0,7.36144125663531,11.1059991162419,0.301,-2,-0.478260869565218,3.0225,-1.18,0,0,0,1,0,0,0,1,0,0,0,0,1,0,0,0,1,0,0
616,TUN,Tunisia,1965,54,9,0,,0,0,0,1,0,0,0,1,0,0,0,1,0,0.5,-0.117153615,,,0.651540181706206,0.0816466546230748,,,,,2308,92,92,92,7.74413662762799,0.0390873887080465,0.0390873887080465,0.0390873887080465,2.15384615384615,4.02861445783133,4.02861445783133,4.02861445783133,0.2532811001,0.2708679995,0.0109740511308492,0.0112861666458333,,,,,0.199,-9,-5.4,3.49666666666667,-0.58,0,0,1,0,0,0,1,1,0,1,0,0,0,0,1,0,1,0,0
616,TUN,Tunisia,1974,54,18,0,,0,0,0,1,0,0,0,1,0,0,0,0.484373182058334,-0.21342966,0.5,0,0.164809226989746,0,0.455843284850043,-0.0810033935948143,0.637385889410023,0,0.669946675504214,0.11075130626586,3225,178,178,178,8.07868822922987,0.0537244452710333,0.0537244452710333,0.0537244452710333,-2.90347894323829,5.49568965517241,5.49568965517241,5.49568965517241,96.1488697709,313.9693803775,2.98136030297364,9.22625272928299,2.74407008583,9.22638462663916,3.21129305999064,13.213563779542,0.198,-9,-6.52631578947368,8.7275,-1.78,0,0,1,0,0,0,1,1,0,0,1,0,0,0,1,0,1,0,0
616,TUN,Tunisia,1978,54,22,0,,0,0,0,1,0,0,0,1,0,0,1,0.542772114276886,-0.271329403,0.574131667613983,0,0.164809226989746,0,0.426343735735622,-0.102978201153199,0.688290041130829,0,0.63964274286568,0.140796203572332,3765,157,157,157,8.23350314023399,0.0408538665222977,0.0408538665222977,0.0408538665222977,0.908244061481136,4.17724440341565,4.17724440341565,4.17724440341565,301.3038034033,316.0816307471,8.00275706250465,8.05919507259307,7.72446197828476,7.72397414171836,10.5491412884018,8.10208517018148,0.201,-9,-7.25,5.5375,-2.39,0,0,1,0,0,0,1,1,0,0,1,0,0,0,1,0,1,0,0
616,TUN,Tunisia,1986,54,30,0,,0,0,0,1,0,0,0,1,0,0,0,0.244620487093925,-0.04303278,0.825884819030762,-0.093427241,0.164809226989746,0,0.137733926361053,0.0487789599524932,0.861161919349491,-0.0641538845149808,0.794357332379214,0.022330245187807,4591,-38,-38,-38,8.43185314424922,-0.00831150891444032,-0.00831150891444032,-0.00831150891444032,3.06221962161108,-3.93641180923543,-3.93641180923543,-3.93641180923543,348.8751554228,174.8571956949,7.59911033375735,3.84048310333626,10.9507508590133,4.96599850891906,11.1971445397463,5.33843749116777,0.202,-8,-7.15,6.805,1.3,0,0,1,0,0,0,1,1,0,0,0,1,0,0,1,0,0,1,0
640,TUR,Turkey,1981-1983,3,1,1,1983,1,1,0,0,1,0,0,3,1,1,1,0.0488620363175869,0.355995688587427,0.479434996843338,0.093164831,0,0.164809227,0.304885006834594,0.157379740907807,0.681289687388485,-0.0799657572214234,0.975341267606202,-0.264133031902929,6921,16,789,263,8.84231554684186,0.00211892543854653,0.107957919715512,0.0359859732385039,-2.15332727980283,1.68978562421185,6.75755539571551,2.2525184652385,40.8548967723,29.762738913,0.590303377724317,0.392023424996446,0.458415287133891,0.285632177863275,1.28242718497118,1.21860760288181,0.456,-5,3.71428571428571,12.5744444444444,0.78,1,0,0,0,0,0,0,0,0,0,0,1,0,0,1,0,0,1,0
701,TKM,Turkmenistan,2008-2009,19,17,0,,0,0,0,1,0,1,0,2,0,0,0,,,,,0.164809227,-0.164809227,,,,,,,10069,418,418,418,9.21721667591562,0.0406749979187904,0.0406749979187904,0.0406749979187904,9.78018785707369,13.4427097115639,13.4427097115639,13.4427097115639,4913.6030268549,6175.2755996062,48.7993149950829,58.8850538724726,19.7879163675194,20.7216065808722,63.2022612757943,65.3495283040954,0.083,-9,6.70212765957447,5.01916666666667,3.09,1,0,0,0,0,0,1,1,0,0,0,0,0,1,0,0,0,1,0
500,UGA,Uganda,1988,24,2,0,,1,0,0,0,0,1,0,1,0,1,1,1,-0.963428624,0.714409649372101,-0.129332662,0.164809226989746,0,0.50211388678493,-0.275517557200856,0.78461502472201,-0.0888091370652295,0.402381503267001,0.499935101787343,894,24,24,24,6.79570577517351,0.026491615446977,0.026491615446977,0.026491615446977,2.27544910179641,2.81030444964871,2.81030444964871,2.81030444964871,0,0,0,0,0,0,7.78871224633125,8.15709709162975,0.126,-7,-5.44186046511628,6.6575,-0.91,0,0,0,1,0,0,1,1,1,0,0,1,0,0,1,1,0,0,0
165,URY,Uruguay,1974-1984,11,1,1,1984,1,1,0,0,1,0,0,11,1,1,1,0.225265681743622,0.643943548202515,0.301349610090256,0.380511671304703,0,0.939397931098938,0.559253913296506,-0.379447011779918,0.471690432886324,-0.132958261980365,0.883803220845746,-0.786737159045832,7682,-1015,2,0.181818181818182,8.94663520890585,-0.121759635795252,0.000260314982597265,0.0000236649984179332,3.16826411075612,-9.99139497083851,12.4957069984008,1.13597336349099,0,0,0,0,0,0,0.322927266811301,0.520712144822081,0.162,-8,-1.82608695652174,8.7275,-1.03,0,1,0,0,0,0,0,0,0,0,1,1,0,0,1,0,0,1,0
704,UZB,Uzbekistan,2000,19,9,0,,0,0,0,1,0,1,0,1,0,0,0,0.369421899318695,0.464768827,,,0.164809226989746,-0.164809227,,,,,0.729596326559794,-0.161771888724938,3517,-139,-139,-139,8.16536363247398,-0.0403245351062367,-0.0403245351062367,-0.0403245351062367,2.78596303241361,2.37164451394318,2.37164451394318,2.37164451394318,273.3101561445,446.6839184466,7.77111618266989,13.2233249984192,1.54951155468812,5.21247630982082,3.30125847357048,16.4145157318527,0.171,-9,5.82608695652174,6.23583333333333,1.27,1,0,0,0,0,0,1,1,0,0,0,0,1,0,0,0,1,0,0
101,VEN,Venezuela,2010,5,5,0,,0,0,0,0,0,1,0,1,0,0,0,1,0,0.608422994613647,-0.213051081,0.060602106153965,-0.060602106,0.575978067702325,0.14847948173864,0.748525665254319,-0.12495975591497,0.452586820768171,0.0291971216198763,13508,2653,2653,2653,9.51103738150546,0.179318829843185,0.179318829843185,0.179318829843185,-4.8548985380755,-1.364522417154,-1.364522417154,-1.364522417154,2350.096322765,2772.6768779129,17.3978110953879,17.1565922771666,9.92173491939634,11.8400352765201,10.6779466529327,12.7109807258015,0.396,-3,6.83333333333333,0.175,-0.01,0,1,0,0,0,0,1,1,0,0,0,0,0,1,0,0,0,0,1
816,VNM,Vietnam,1981,56,27,0,,0,0,0,1,0,0,0,1,0,0,0,0.355078548192978,-0.327704446,,,0,0,,,,,0.816441709067169,0.17004991515246,1076,-21,-21,-21,6.98100574072173,-0.0197096948115627,-0.0197096948115627,-0.0197096948115627,-4.77408354646206,1.25335720680394,1.25335720680394,1.25335720680394,0,0.061971502,0,0.00587407601895735,,,,,0.153,-7,-1.4,13.3558333333333,0,0,0,0,0,1,0,1,1,0,0,0,1,0,0,1,0,1,0,0
816,VNM,Vietnam,1987,56,33,0,,0,0,0,1,0,0,0,1,0,1,1,1,0,,,0,0,,,,,0.481783942388047,0,1151,17,17,17,7.04838640872188,0.0146617546662897,0.0146617546662897,0.0146617546662897,0.587371512481645,1.31386861313869,1.31386861313869,1.31386861313869,0.2972663601,1.3761884669,0.025826790625543,0.117824355042808,0.00960266701377941,0.0703868360106368,1.46132778719119,1.15579836790483,0.165,-7,-0.5,6.6575,0.15,0,0,0,0,1,0,1,1,0,0,0,1,0,0,1,0,1,0,0
678,YEM,Yemen,1995-1996,32,17,0,,0,0,0,0,0,1,0,2,1,1,1,1,-0.953525170683861,,,0.284185022115707,0.473406643,,,,,0.344868162065507,0.266716357976521,2745,25,60,30,7.91753635394363,0.00895261127211366,0.0216224640131655,0.0108112320065827,1.73300839425941,0.867052023121387,2.17128412320124,1.08564206160062,1043.0420598756,969.485342286,37.9978892486557,34.7201833889028,38.4977073452101,40.0086955348286,38.6437376176925,40.1840583581894,0.332,-2,-5.78947368421053,4.20166666666667,-1.37,0,0,1,0,0,0,0,1,0,0,0,0,1,0,0,0,1,0,0
551,ZMB,Zambia,1977,24,10,0,,0,0,0,1,0,0,0,1,0,0,0,0.13261142373085,0.388506204,0.5,0,0.164809226989746,0,0.322338427961192,0.147450551183728,0.637385889410023,0,0.852480229187619,-0.20160070372983,2159,-367,-367,-367,7.67740043051481,-0.186312836979932,-0.186312836979932,-0.186312836979932,2.91106845809341,-7.5847062480572,-7.5847062480572,-7.5847062480572,0,0,0,0,0,0,16.2273723886817,13.9910679605332,0.206,-9,-5.53488372093023,5.045,-0.49,0,0,0,1,0,0,1,1,0,0,1,0,0,0,1,0,1,0,0
551,ZMB,Zambia,1983-1986,24,16,0,,0,0,0,1,0,0,0,4,0,1,1,0.415658265352249,-0.387424116954207,0.53776615858078,0.116061389446259,0.164809226989746,-0.164809227,0.403443794985434,-0.22792532587892,0.663318858789838,0.123818093249618,0.705603700864382,0.266056790659183,1652,-340,-222,-55.5,7.40974195408092,-0.213305102313922,-0.14431223082697,-0.0360780577067425,-6.29445234708393,-5.61669829222011,-13.8298442593821,-3.45746106484553,0,0,0,0,0,0,6.5968284026612,7.82079554938927,0.203,-9,-4.86046511627907,12.2583333333333,3.7,0,0,0,1,0,0,1,1,0,0,0,1,0,0,1,0,1,0,0
551,ZMB,Zambia,1988-1991,24,21,1,1991,0,0,1,1,0,0,0,4,0,1,1,0.0230778865516186,0.322498578578234,0.630593478679657,0.136742532253265,0.164809226989746,0.164809227,0.189753781707556,0.108712973506739,0.727060794432708,0.0938972888719212,0.909318544654033,-0.167348525563507,1403,-272,-65,-16.25,7.24636808010246,-0.190652268222383,-0.0474368394142877,-0.0118592098535719,-0.874125874125874,-3.38563170933113,3.41019909035571,0.852549772588927,0,0,0,0,0,0,10.3688628327271,18.4111705791762,0.202,-9,-5.44186046511628,6.6575,-0.99,0,0,0,1,0,0,1,1,0,0,0,1,1,0,1,0,1,0,0
551,ZMB,Zambia,1992-1996,5,1,1,1996,1,0,1,1,0,0,0,5,1,1,1,0.278449475765228,-0.253624366596341,0.767336010932922,-0.213560998,0.164809226989746,0.592782437801361,0.191376925423707,0.0728442772666819,0.820958083304629,-0.278149549807003,0.776803049193205,-0.247703729869638,1338,-151,-320,-64,7.19893124068817,-0.141821855885968,-0.273336043577706,-0.0546672087155411,-3.38563170933113,-15.5309734513274,-15.156484311335,-3.031296862267,0,0,0,0,0,0,12.9488694977519,11.5494053043573,0.251,6,-2.40909090909091,4.37616666666667,-1.31,0,0,0,1,0,0,1,1,0,0,0,0,1,0,0,0,1,0,0
551,ZMB,Zambia,1998,14,2,0,,1,0,0,1,0,0,0,1,1,0,1,0.477765709161758,-0.173436224,0.80666995048523,-0.103600621,0.653384566307068,0.060602069,0.239611226753699,0.00637670362958781,0.675952428712974,-0.0924761365188757,0.437987622283086,0.0608011114231842,1121,-71,-71,-71,7.02197642307216,-0.065430979920591,-0.065430979920591,-0.065430979920591,0.958627648839556,-3.14842578710645,-3.14842578710645,-3.14842578710645,0,0,0,0,0,0,9.71703835642915,7.33895840027506,0.479,1,-0.222222222222222,5.35333333333333,0.11,0,0,0,1,0,0,1,1,0,0,0,0,1,0,0,0,1,0,0
551,ZMB,Zambia,2000,14,4,0,,0,0,0,1,0,0,0,1,0,0,0,0.116531252861023,0.080728918,0.718702852725983,-0.003450692,0.939397931098938,0.060602069,0.163817175303499,0.0330440656667204,0.514849709433149,-0.0237059689052574,0.487640030356995,-0.0710883439675368,961,192,192,192,6.86797440897029,0.182148111298766,0.182148111298766,0.182148111298766,1.80598555211558,0.861632032437912,0.861632032437912,0.861632032437912,0,0,0,0,0,0,5.17268951812385,5.78429033654515,0.479,1,0.177777777777778,4.97,-1.27,0,0,0,1,0,0,1,1,0,0,0,0,1,0,0,0,1,0,0
551,ZMB,Zambia,2008,14,12,0,,0,0,0,1,0,0,0,1,0,0,0,0.247303932905197,-0.147011176,0.867603719234467,-0.198634326,1,0,0.109677659248803,0.0826367115254611,0.595759312840771,-0.136396660380399,0.390583355688218,0.0762859284895557,2345,95,95,95,7.76004068088038,0.0397126374068675,0.0397126374068675,0.0397126374068675,5.44135429262394,4.81651376146789,4.81651376146789,4.81651376146789,0,0,0,0,0,0,22.0934663168067,17.946490630091,0.502,5,2.17777777777778,1.9275,0,0,0,0,1,0,0,1,1,0,0,0,0,0,1,0,0,1,0,0
552,ZWE,Zimbabwe,1982-1984,30,2,0,,1,0,0,1,0,0,0,3,0,0,0,0.432394921779633,-0.269672573,0.628787696361542,-0.264758348464966,0,0,0.346361195270169,0.169269891961691,,,,,4229,-315,-629,-209.666666666667,8.34972083747249,-0.0838814839807025,-0.161031713028288,-0.0536772376760961,8.6263478668542,-5.65620857269112,-7.99054037203285,-2.66351345734428,0,0,0,0,0,0,4.17567851107592,3.76084326501254,0.222,4,-4.86046511627907,10.5233333333333,0,0,0,0,1,0,0,1,1,0,0,0,1,0,0,1,0,0,1,0
552,ZWE,Zimbabwe,1988-1991,30,8,0,,0,0,0,1,0,0,0,4,0,0,0,0.442215949296951,-0.316705286502838,0.510157883167267,0.4133540391922,0,0,0.432764036154979,-0.408274349481911,0.702386237851614,0.283838707568462,0.771225027305428,0.164342314214452,3243,-104,37,9.25,8.08425410630732,-0.0313562016960223,0.0113445950708719,0.00283614876771798,-4.87132352941176,-0.88809946714032,10.4187665896946,2.60469164742364,0,0,0,0,0,0,4.00101223568923,5.76401262925396,0.291,-6,-5.44186046511628,6.6575,-0.99,0,0,0,1,0,0,1,1,0,0,0,1,0,0,1,0,1,0,0
552,ZWE,Zimbabwe,1993-1994,30,13,0,,0,0,0,1,0,0,0,2,0,0,1,0.313071608543396,-0.130789324641228,0.783003091812134,-0.432807952165604,0,0.164809226989746,0.193598437710438,0.251993621857663,0.889741444394055,-0.355222380800706,0.838239632781388,0.0446344476592454,2845,-96,68,34,7.95331834656043,-0.034325858395186,0.023620410399003,0.0118102051995015,-11.4310645724258,-1.2807881773399,6.85294435759024,3.42647217879512,0,0,0,0,0,0,10.3255955589823,8.54505422344846,0.306,-6,-1.20454545454545,3.52166666666667,-0.09,0,0,0,1,0,0,1,1,0,0,0,0,1,0,0,0,1,0,0
552,ZWE,Zimbabwe,1996-1998,30,16,0,,0,0,0,1,0,0,0,3,1,0,1,0.410599023103714,-0.334051594138145,0.30974754691124,0.174837172031403,0.164809226989746,0,0.560434298446062,-0.233373455581721,0.506744828052609,0.120055817142368,0.70822900462384,0.173343529102089,2841,-19,165,55,7.95191138185419,-0.00628620763196075,0.0564541884587317,0.0188180628195772,-0.507614213197969,1.32139812446718,11.8168075170459,3.93893583901529,0,0,0,0,0,0,7.99633677600921,6.25006776882847,0.307,-6,0.133333333333333,5.37055555555556,0.47,0,0,0,1,0,0,1,1,0,0,0,0,1,0,0,0,1,0,0
552,ZWE,Zimbabwe,2000,30,20,0,,0,0,0,1,0,0,0,1,0,1,1,0.381812036037445,0.618187964,0.580594658851624,-0.13433364,0.164809226989746,0,0.36075004376406,0.328241889389515,0.692727997231376,-0.0922431698761974,0.723166930434844,-0.320785427167843,2889,-193,-193,-193,7.96866570046624,-0.0691412284340371,-0.0691412284340371,-0.0691412284340371,-2.06868018204386,-4.98521335023236,-4.98521335023236,-4.98521335023236,0,0,0,0,0,0,3.21561851026737,3.62267985083276,0.316,-3,0.177777777777778,4.97,-1.27,0,0,0,1,0,0,1,1,0,0,0,0,1,0,0,0,1,0,0
552,ZWE,Zimbabwe,2003-2008,30,23,0,,0,0,0,1,0,0,0,6,0,1,1,1,-0.998657988850027,0.680861413478851,0.142380893230438,0.164809226989746,-0.164809227,0.525494311151808,-0.476022886388129,0.761578385390381,0.155794207285904,0.402381503267001,0.591764070364289,2376,-418,-1116,-186,7.77317368048254,-0.19349485739208,-0.634306680537012,-0.105717780089502,-7.8096947935368,-16.1635832521908,-50.1104235637843,-8.35173726063071,0,0,0,0,0,0,4.3661956452968,12.3056250717626,0.276,-4,1.48888888888889,2.93347222222222,1.27,0,0,0,1,0,0,1,1,0,0,0,0,0,1,0,0,1,0,0
